C2604,test_category_labeling_highlight,88,3719,0,Other,"{""Other Type"": {""endIndexInSegment"": 127, ""startIndexInSegment"": 25, ""selectedText"": ""Geekdo takes your privacy seriously. Please read the following to learn more about our privacy policy."", ""value"": ""Introductory/Generic""}}",Not specified,https://boardgamegeek.com/privacy
4836,test_category_labeling_highlight,84,3719,1,Third Party Sharing/Collection,"{""Third Party Entity"": {""endIndexInSegment"": 98, ""startIndexInSegment"": 73, ""selectedText"": ""other people or companies"", ""value"": ""Unnamed third party""}, ""Choice Scope"": {""endIndexInSegment"": -1, ""startIndexInSegment"": -1, ""value"": ""Unspecified""}, ""Purpose"": {""endIndexInSegment"": -1, ""startIndexInSegment"": -1, ""value"": ""Unspecified""}, ""Personal Information Type"": {""endIndexInSegment"": 57, ""startIndexInSegment"": 37, ""selectedText"": ""personal information"", ""value"": ""Unspecified""}, ""Choice Type"": {""endIndexInSegment"": 145, ""startIndexInSegment"": 101, ""selectedText"": ""except when we have your explicit permission"", ""value"": ""Opt-in""}, ""Identifiability"": {""endIndexInSegment"": -1, ""startIndexInSegment"": -1, ""value"": ""Unspecified""}, ""Does/Does Not"": {""endIndexInSegment"": 11, ""startIndexInSegment"": 7, ""selectedText"": ""does"", ""value"": ""Does""}, ""User Type"": {""endIndexInSegment"": -1, ""startIndexInSegment"": -1, ""value"": ""Unspecified""}, ""Action Third Party"": {""endIndexInSegment"": 26, ""startIndexInSegment"": 22, ""selectedText"": ""sell"", ""value"": ""Receive/Shared with""}}",Not specified,https://boardgamegeek.com/privacy
5905,test_category_labeling_highlight,88,3719,1,Third Party Sharing/Collection,"{""Third Party Entity"": {""endIndexInSegment"": 145, ""startIndexInSegment"": 0, ""selectedText"": ""Geekdo does not rent, sell, or share personal information about you with other people or companies , except when we have your explicit permission"", ""value"": ""Unnamed third party""}, ""Choice Scope"": {""endIndexInSegment"": -1, ""startIndexInSegment"": -1, ""value"": ""Unspecified""}, ""Purpose"": {""endIndexInSegment"": -1, ""startIndexInSegment"": -1, ""value"": ""Unspecified""}, ""Personal Information Type"": {""endIndexInSegment"": 57, ""startIndexInSegment"": 37, ""selectedText"": ""personal information"", ""value"": ""Generic personal information""}, ""Choice Type"": {""endIndexInSegment"": 145, ""startIndexInSegment"": 101, ""selectedText"": ""except when we have your explicit permission"", ""value"": ""Opt-in""}, ""Identifiability"": {""endIndexInSegment"": 57, ""startIndexInSegment"": 37, ""selectedText"": ""personal information"", ""value"": ""Identifiable""}, ""Does/Does Not"": {""endIndexInSegment"": 15, ""startIndexInSegment"": 7, ""selectedText"": ""does not"", ""value"": ""Does Not""}, ""User Type"": {""endIndexInSegment"": -1, ""startIndexInSegment"": -1, ""value"": ""Unspecified""}, ""Action Third Party"": {""endIndexInSegment"": 36, ""startIndexInSegment"": 16, ""selectedText"": ""rent, sell, or share"", ""value"": ""Receive/Shared with""}}",Not specified,https://boardgamegeek.com/privacy
6376,test_category_labeling_highlight,82,3719,1,Third Party Sharing/Collection,"{""Third Party Entity"": {""endIndexInSegment"": 98, ""startIndexInSegment"": 90, ""selectedText"": ""ompanies"", ""value"": ""Unnamed third party""}, ""Choice Scope"": {""endIndexInSegment"": -1, ""startIndexInSegment"": -1, ""value"": ""Unspecified""}, ""Purpose"": {""endIndexInSegment"": -1, ""startIndexInSegment"": -1, ""value"": ""Unspecified""}, ""Personal Information Type"": {""endIndexInSegment"": 57, ""startIndexInSegment"": 37, ""selectedText"": ""personal information"", ""value"": ""Generic personal information""}, ""Choice Type"": {""endIndexInSegment"": 145, ""startIndexInSegment"": 113, ""selectedText"": ""we have your explicit permission"", ""value"": ""Opt-in""}, ""Identifiability"": {""endIndexInSegment"": -1, ""startIndexInSegment"": -1, ""value"": ""Unspecified""}, ""Does/Does Not"": {""endIndexInSegment"": 15, ""startIndexInSegment"": 7, ""selectedText"": ""does not"", ""value"": ""Does Not""}, ""User Type"": {""endIndexInSegment"": -1, ""startIndexInSegment"": -1, ""value"": ""Unspecified""}, ""Action Third Party"": {""endIndexInSegment"": 36, ""startIndexInSegment"": 31, ""selectedText"": ""share"", ""value"": ""Receive/Shared with""}}",Not specified,https://boardgamegeek.com/privacy
6377,test_category_labeling_highlight,82,3719,1,Third Party Sharing/Collection,"{""Third Party Entity"": {""endIndexInSegment"": 85, ""startIndexInSegment"": 73, ""selectedText"": ""other people"", ""value"": ""Other users""}, ""Choice Scope"": {""endIndexInSegment"": -1, ""startIndexInSegment"": -1, ""value"": ""Unspecified""}, ""Purpose"": {""endIndexInSegment"": -1, ""startIndexInSegment"": -1, ""value"": ""Unspecified""}, ""Personal Information Type"": {""endIndexInSegment"": 57, ""startIndexInSegment"": 37, ""selectedText"": ""personal information"", ""value"": ""Generic personal information""}, ""Choice Type"": {""endIndexInSegment"": 145, ""startIndexInSegment"": 113, ""selectedText"": ""we have your explicit permission"", ""value"": ""Opt-in""}, ""Identifiability"": {""endIndexInSegment"": -1, ""startIndexInSegment"": -1, ""value"": ""Unspecified""}, ""Does/Does Not"": {""endIndexInSegment"": 15, ""startIndexInSegment"": 7, ""selectedText"": ""does not"", ""value"": ""Does Not""}, ""User Type"": {""endIndexInSegment"": -1, ""startIndexInSegment"": -1, ""value"": ""Unspecified""}, ""Action Third Party"": {""endIndexInSegment"": 36, ""startIndexInSegment"": 31, ""selectedText"": ""share"", ""value"": ""Receive/Shared with""}}",Not specified,https://boardgamegeek.com/privacy
C2605,test_category_labeling_highlight,82,3719,2,First Party Collection/Use,"{""Collection Mode"": {""endIndexInSegment"": -1, ""startIndexInSegment"": -1, ""value"": ""Unspecified""}, ""Choice Scope"": {""endIndexInSegment"": -1, ""startIndexInSegment"": -1, ""value"": ""Unspecified""}, ""Action First-Party"": {""endIndexInSegment"": 15, ""startIndexInSegment"": 0, ""selectedText"": ""Geekdo collects"", ""value"": ""Unspecified""}, ""Personal Information Type"": {""endIndexInSegment"": 35, ""startIndexInSegment"": 16, ""selectedText"": ""personal informatio"", ""value"": ""Generic personal information""}, ""Choice Type"": {""endIndexInSegment"": -1, ""startIndexInSegment"": -1, ""value"": ""Unspecified""}, ""Identifiability"": {""endIndexInSegment"": -1, ""startIndexInSegment"": -1, ""value"": ""Unspecified""}, ""Does/Does Not"": {""endIndexInSegment"": -1, ""startIndexInSegment"": -1, ""value"": ""Does""}, ""User Type"": {""endIndexInSegment"": -1, ""startIndexInSegment"": -1, ""value"": ""Unspecified""}, ""Purpose"": {""endIndexInSegment"": 136, ""startIndexInSegment"": 37, ""selectedText"": ""when you register with Geekdo, when you use Geekdo products or services, when you visit Geekdo page"", ""value"": ""Basic service/feature""}}",Not specified,https://boardgamegeek.com/privacy
4838,test_category_labeling_highlight,84,3719,2,First Party Collection/Use,"{""Collection Mode"": {""endIndexInSegment"": -1, ""startIndexInSegment"": -1, ""value"": ""Unspecified""}, ""Choice Scope"": {""endIndexInSegment"": -1, ""startIndexInSegment"": -1, ""value"": ""Unspecified""}, ""Action First-Party"": {""endIndexInSegment"": 338, ""startIndexInSegment"": 215, ""selectedText"": ""Geekdo may combine information about you that we have with information we obtain from business partners or other companies."", ""value"": ""Receive from other service/third-party (unnamed)""}, ""Personal Information Type"": {""endIndexInSegment"": 36, ""startIndexInSegment"": 16, ""selectedText"": ""personal information"", ""value"": ""Unspecified""}, ""Choice Type"": {""endIndexInSegment"": -1, ""startIndexInSegment"": -1, ""value"": ""Unspecified""}, ""Identifiability"": {""endIndexInSegment"": -1, ""startIndexInSegment"": -1, ""value"": ""Unspecified""}, ""Does/Does Not"": {""endIndexInSegment"": 15, ""startIndexInSegment"": 7, ""selectedText"": ""collects"", ""value"": ""Does""}, ""User Type"": {""endIndexInSegment"": -1, ""startIndexInSegment"": -1, ""value"": ""Unspecified""}, ""Purpose"": {""endIndexInSegment"": -1, ""startIndexInSegment"": -1, ""value"": ""Unspecified""}}",Not specified,https://boardgamegeek.com/privacy
5902,test_category_labeling_highlight,88,3719,2,First Party Collection/Use,"{""Collection Mode"": {""endIndexInSegment"": 66, ""startIndexInSegment"": 0, ""selectedText"": ""Geekdo collects personal information when you register with Geekdo"", ""value"": ""Explicit""}, ""Choice Scope"": {""endIndexInSegment"": -1, ""startIndexInSegment"": -1, ""value"": ""Unspecified""}, ""Action First-Party"": {""endIndexInSegment"": 15, ""startIndexInSegment"": 7, ""selectedText"": ""collects"", ""value"": ""Collect on website""}, ""Personal Information Type"": {""endIndexInSegment"": 36, ""startIndexInSegment"": 16, ""selectedText"": ""personal information"", ""value"": ""Generic personal information""}, ""Choice Type"": {""endIndexInSegment"": -1, ""startIndexInSegment"": -1, ""value"": ""Unspecified""}, ""Identifiability"": {""endIndexInSegment"": 36, ""startIndexInSegment"": 16, ""selectedText"": ""personal information"", ""value"": ""Identifiable""}, ""Does/Does Not"": {""endIndexInSegment"": 214, ""startIndexInSegment"": 0, ""selectedText"": ""Geekdo collects personal information when you register with Geekdo, when you use Geekdo products or services, when you visit Geekdo pages or the pages of certain Geekdo partners, and when you enter Geekdo contests."", ""value"": ""Does""}, ""User Type"": {""endIndexInSegment"": 66, ""startIndexInSegment"": 37, ""selectedText"": ""when you register with Geekdo"", ""value"": ""User with account""}, ""Purpose"": {""endIndexInSegment"": 66, ""startIndexInSegment"": 37, ""selectedText"": ""when you register with Geekdo"", ""value"": ""Basic service/feature""}}",Not specified,https://boardgamegeek.com/privacy
5903,test_category_labeling_highlight,88,3719,2,First Party Collection/Use,"{""Collection Mode"": {""endIndexInSegment"": 36, ""startIndexInSegment"": 0, ""selectedText"": ""Geekdo collects personal information"", ""value"": ""Implicit""}, ""Choice Scope"": {""endIndexInSegment"": -1, ""startIndexInSegment"": -1, ""value"": ""Unspecified""}, ""Action First-Party"": {""endIndexInSegment"": 178, ""startIndexInSegment"": 110, ""selectedText"": ""when you visit Geekdo pages or the pages of certain Geekdo partners,"", ""value"": ""Track user on other websites""}, ""Personal Information Type"": {""endIndexInSegment"": 36, ""startIndexInSegment"": 16, ""selectedText"": ""personal information"", ""value"": ""Generic personal information""}, ""Choice Type"": {""endIndexInSegment"": -1, ""startIndexInSegment"": -1, ""value"": ""Unspecified""}, ""Identifiability"": {""endIndexInSegment"": 36, ""startIndexInSegment"": 16, ""selectedText"": ""personal information"", ""value"": ""Identifiable""}, ""Does/Does Not"": {""endIndexInSegment"": 109, ""startIndexInSegment"": 68, ""selectedText"": ""when you use Geekdo products or services,"", ""value"": ""Does""}, ""User Type"": {""endIndexInSegment"": -1, ""startIndexInSegment"": -1, ""value"": ""Unspecified""}, ""Purpose"": {""endIndexInSegment"": -1, ""startIndexInSegment"": -1, ""value"": ""Unspecified""}}",Not specified,https://boardgamegeek.com/privacy
5904,test_category_labeling_highlight,88,3719,2,First Party Collection/Use,"{""Collection Mode"": {""endIndexInSegment"": 36, ""startIndexInSegment"": 0, ""selectedText"": ""Geekdo collects personal information"", ""value"": ""Implicit""}, ""Choice Scope"": {""endIndexInSegment"": -1, ""startIndexInSegment"": -1, ""value"": ""Unspecified""}, ""Action First-Party"": {""endIndexInSegment"": 178, ""startIndexInSegment"": 110, ""selectedText"": ""when you visit Geekdo pages or the pages of certain Geekdo partners,"", ""value"": ""Track user on other websites""}, ""Personal Information Type"": {""endIndexInSegment"": 36, ""startIndexInSegment"": 16, ""selectedText"": ""personal information"", ""value"": ""Generic personal information""}, ""Choice Type"": {""endIndexInSegment"": -1, ""startIndexInSegment"": -1, ""value"": ""Unspecified""}, ""Identifiability"": {""endIndexInSegment"": 36, ""startIndexInSegment"": 16, ""selectedText"": ""personal information"", ""value"": ""Identifiable""}, ""Does/Does Not"": {""endIndexInSegment"": 109, ""startIndexInSegment"": 68, ""selectedText"": ""when you use Geekdo products or services,"", ""value"": ""Does""}, ""User Type"": {""endIndexInSegment"": -1, ""startIndexInSegment"": -1, ""value"": ""Unspecified""}, ""Purpose"": {""endIndexInSegment"": 213, ""startIndexInSegment"": 183, ""selectedText"": ""when you enter Geekdo contests"", ""value"": ""Additional service/feature""}}",Not specified,https://boardgamegeek.com/privacy
6380,test_category_labeling_highlight,82,3719,2,First Party Collection/Use,"{""Collection Mode"": {""endIndexInSegment"": -1, ""startIndexInSegment"": -1, ""value"": ""Unspecified""}, ""Choice Scope"": {""endIndexInSegment"": -1, ""startIndexInSegment"": -1, ""value"": ""Unspecified""}, ""Action First-Party"": {""endIndexInSegment"": 15, ""startIndexInSegment"": 0, ""selectedText"": ""Geekdo collects"", ""value"": ""Unspecified""}, ""Personal Information Type"": {""endIndexInSegment"": 35, ""startIndexInSegment"": 16, ""selectedText"": ""personal informatio"", ""value"": ""Generic personal information""}, ""Choice Type"": {""endIndexInSegment"": -1, ""startIndexInSegment"": -1, ""value"": ""Unspecified""}, ""Identifiability"": {""endIndexInSegment"": -1, ""startIndexInSegment"": -1, ""value"": ""Unspecified""}, ""Does/Does Not"": {""endIndexInSegment"": -1, ""startIndexInSegment"": -1, ""value"": ""Does""}, ""User Type"": {""endIndexInSegment"": -1, ""startIndexInSegment"": -1, ""value"": ""Unspecified""}, ""Purpose"": {""endIndexInSegment"": 213, ""startIndexInSegment"": 142, ""selectedText"": ""he pages of certain Geekdo partners, and when you enter Geekdo contests"", ""value"": ""Additional service/feature""}}",Not specified,https://boardgamegeek.com/privacy
6382,test_category_labeling_highlight,82,3719,2,First Party Collection/Use,"{""Collection Mode"": {""endIndexInSegment"": -1, ""startIndexInSegment"": -1, ""value"": ""Unspecified""}, ""Choice Scope"": {""endIndexInSegment"": -1, ""startIndexInSegment"": -1, ""value"": ""Unspecified""}, ""Action First-Party"": {""endIndexInSegment"": 338, ""startIndexInSegment"": 222, ""selectedText"": ""may combine information about you that we have with information we obtain from business partners or other companies."", ""value"": ""Receive from other parts of company/affiliates""}, ""Personal Information Type"": {""endIndexInSegment"": 245, ""startIndexInSegment"": 234, ""selectedText"": ""information"", ""value"": ""Unspecified""}, ""Choice Type"": {""endIndexInSegment"": -1, ""startIndexInSegment"": -1, ""value"": ""Unspecified""}, ""Identifiability"": {""endIndexInSegment"": -1, ""startIndexInSegment"": -1, ""value"": ""Unspecified""}, ""Does/Does Not"": {""endIndexInSegment"": -1, ""startIndexInSegment"": -1, ""value"": ""Does""}, ""User Type"": {""endIndexInSegment"": -1, ""startIndexInSegment"": -1, ""value"": ""Unspecified""}, ""Purpose"": {""endIndexInSegment"": -1, ""startIndexInSegment"": -1, ""value"": ""Unspecified""}}",Not specified,https://boardgamegeek.com/privacy
C2606,test_category_labeling_highlight,88,3719,3,First Party Collection/Use,"{""Collection Mode"": {""endIndexInSegment"": 40, ""startIndexInSegment"": 18, ""selectedText"": ""we ask for information"", ""value"": ""Explicit""}, ""Choice Scope"": {""endIndexInSegment"": -1, ""startIndexInSegment"": -1, ""value"": ""Unspecified""}, ""Action First-Party"": {""endIndexInSegment"": 151, ""startIndexInSegment"": 0, ""selectedText"": ""When you register we ask for information such as your name, e-mail address, birth date, gender, zip code, occupation, industry, and personal interests."", ""value"": ""Collect on website""}, ""Personal Information Type"": {""endIndexInSegment"": 151, ""startIndexInSegment"": 76, ""selectedText"": ""birth date, gender, zip code, occupation, industry, and personal interests."", ""value"": ""Demographic""}, ""Choice Type"": {""endIndexInSegment"": -1, ""startIndexInSegment"": -1, ""value"": ""Unspecified""}, ""Identifiability"": {""endIndexInSegment"": 151, ""startIndexInSegment"": 54, ""selectedText"": ""name, e-mail address, birth date, gender, zip code, occupation, industry, and personal interests."", ""value"": ""Identifiable""}, ""Does/Does Not"": {""endIndexInSegment"": 151, ""startIndexInSegment"": 0, ""selectedText"": ""When you register we ask for information such as your name, e-mail address, birth date, gender, zip code, occupation, industry, and personal interests."", ""value"": ""Does""}, ""User Type"": {""endIndexInSegment"": 17, ""startIndexInSegment"": 0, ""selectedText"": ""When you register"", ""value"": ""User with account""}, ""Purpose"": {""endIndexInSegment"": -1, ""startIndexInSegment"": -1, ""value"": ""Unspecified""}}",Not specified,https://boardgamegeek.com/privacy
C2607,test_category_labeling_highlight,88,3719,3,First Party Collection/Use,"{""Collection Mode"": {""endIndexInSegment"": 40, ""startIndexInSegment"": 18, ""selectedText"": ""we ask for information"", ""value"": ""Explicit""}, ""Choice Scope"": {""endIndexInSegment"": -1, ""startIndexInSegment"": -1, ""value"": ""Unspecified""}, ""Action First-Party"": {""endIndexInSegment"": 151, ""startIndexInSegment"": 0, ""selectedText"": ""When you register we ask for information such as your name, e-mail address, birth date, gender, zip code, occupation, industry, and personal interests."", ""value"": ""Collect on website""}, ""Personal Information Type"": {""endIndexInSegment"": 74, ""startIndexInSegment"": 54, ""selectedText"": ""name, e-mail address"", ""value"": ""Contact""}, ""Choice Type"": {""endIndexInSegment"": -1, ""startIndexInSegment"": -1, ""value"": ""Unspecified""}, ""Identifiability"": {""endIndexInSegment"": 151, ""startIndexInSegment"": 54, ""selectedText"": ""name, e-mail address, birth date, gender, zip code, occupation, industry, and personal interests."", ""value"": ""Identifiable""}, ""Does/Does Not"": {""endIndexInSegment"": 151, ""startIndexInSegment"": 0, ""selectedText"": ""When you register we ask for information such as your name, e-mail address, birth date, gender, zip code, occupation, industry, and personal interests."", ""value"": ""Does""}, ""User Type"": {""endIndexInSegment"": 17, ""startIndexInSegment"": 0, ""selectedText"": ""When you register"", ""value"": ""User with account""}, ""Purpose"": {""endIndexInSegment"": -1, ""startIndexInSegment"": -1, ""value"": ""Unspecified""}}",Not specified,https://boardgamegeek.com/privacy
4839,test_category_labeling_highlight,84,3719,3,First Party Collection/Use,"{""Collection Mode"": {""endIndexInSegment"": 24, ""startIndexInSegment"": 21, ""selectedText"": ""ask"", ""value"": ""Explicit""}, ""Choice Scope"": {""endIndexInSegment"": -1, ""startIndexInSegment"": -1, ""value"": ""Unspecified""}, ""Action First-Party"": {""endIndexInSegment"": -1, ""startIndexInSegment"": -1, ""value"": ""Unspecified""}, ""Personal Information Type"": {""endIndexInSegment"": 75, ""startIndexInSegment"": 54, ""selectedText"": ""name, e-mail address,"", ""value"": ""Contact""}, ""Choice Type"": {""endIndexInSegment"": -1, ""startIndexInSegment"": -1, ""value"": ""Unspecified""}, ""Identifiability"": {""endIndexInSegment"": -1, ""startIndexInSegment"": -1, ""value"": ""Unspecified""}, ""Does/Does Not"": {""endIndexInSegment"": 24, ""startIndexInSegment"": 18, ""selectedText"": ""we ask"", ""value"": ""Does""}, ""User Type"": {""endIndexInSegment"": 17, ""startIndexInSegment"": 9, ""selectedText"": ""register"", ""value"": ""User with account""}, ""Purpose"": {""endIndexInSegment"": -1, ""startIndexInSegment"": -1, ""value"": ""Unspecified""}}",Not specified,https://boardgamegeek.com/privacy
4840,test_category_labeling_highlight,84,3719,3,First Party Collection/Use,"{""Collection Mode"": {""endIndexInSegment"": 24, ""startIndexInSegment"": 21, ""selectedText"": ""ask"", ""value"": ""Explicit""}, ""Choice Scope"": {""endIndexInSegment"": -1, ""startIndexInSegment"": -1, ""value"": ""Unspecified""}, ""Action First-Party"": {""endIndexInSegment"": -1, ""startIndexInSegment"": -1, ""value"": ""Unspecified""}, ""Personal Information Type"": {""endIndexInSegment"": 86, ""startIndexInSegment"": 82, ""selectedText"": ""date"", ""value"": ""Demographic""}, ""Choice Type"": {""endIndexInSegment"": -1, ""startIndexInSegment"": -1, ""value"": ""Unspecified""}, ""Identifiability"": {""endIndexInSegment"": -1, ""startIndexInSegment"": -1, ""value"": ""Unspecified""}, ""Does/Does Not"": {""endIndexInSegment"": 24, ""startIndexInSegment"": 18, ""selectedText"": ""we ask"", ""value"": ""Does""}, ""User Type"": {""endIndexInSegment"": 17, ""startIndexInSegment"": 9, ""selectedText"": ""register"", ""value"": ""User with account""}, ""Purpose"": {""endIndexInSegment"": -1, ""startIndexInSegment"": -1, ""value"": ""Unspecified""}}",Not specified,https://boardgamegeek.com/privacy
4841,test_category_labeling_highlight,84,3719,3,First Party Collection/Use,"{""Collection Mode"": {""endIndexInSegment"": 24, ""startIndexInSegment"": 21, ""selectedText"": ""ask"", ""value"": ""Explicit""}, ""Choice Scope"": {""endIndexInSegment"": -1, ""startIndexInSegment"": -1, ""value"": ""Unspecified""}, ""Action First-Party"": {""endIndexInSegment"": -1, ""startIndexInSegment"": -1, ""value"": ""Unspecified""}, ""Personal Information Type"": {""endIndexInSegment"": 105, ""startIndexInSegment"": 96, ""selectedText"": ""zip code,"", ""value"": ""Location""}, ""Choice Type"": {""endIndexInSegment"": -1, ""startIndexInSegment"": -1, ""value"": ""Unspecified""}, ""Identifiability"": {""endIndexInSegment"": -1, ""startIndexInSegment"": -1, ""value"": ""Unspecified""}, ""Does/Does Not"": {""endIndexInSegment"": 24, ""startIndexInSegment"": 18, ""selectedText"": ""we ask"", ""value"": ""Does""}, ""User Type"": {""endIndexInSegment"": 17, ""startIndexInSegment"": 9, ""selectedText"": ""register"", ""value"": ""User with account""}, ""Purpose"": {""endIndexInSegment"": -1, ""startIndexInSegment"": -1, ""value"": ""Unspecified""}}",Not specified,https://boardgamegeek.com/privacy
C2608,test_category_labeling_highlight,82,3719,4,First Party Collection/Use,"{""Collection Mode"": {""endIndexInSegment"": -1, ""startIndexInSegment"": -1, ""value"": ""Unspecified""}, ""Choice Scope"": {""endIndexInSegment"": -1, ""startIndexInSegment"": -1, ""value"": ""Unspecified""}, ""Action First-Party"": {""endIndexInSegment"": -1, ""startIndexInSegment"": -1, ""value"": ""Unspecified""}, ""Personal Information Type"": {""endIndexInSegment"": 27, ""startIndexInSegment"": 17, ""selectedText"": ""nformation"", ""value"": ""Unspecified""}, ""Choice Type"": {""endIndexInSegment"": -1, ""startIndexInSegment"": -1, ""value"": ""Unspecified""}, ""Identifiability"": {""endIndexInSegment"": -1, ""startIndexInSegment"": -1, ""value"": ""Unspecified""}, ""Does/Does Not"": {""endIndexInSegment"": -1, ""startIndexInSegment"": -1, ""value"": ""Does""}, ""User Type"": {""endIndexInSegment"": -1, ""startIndexInSegment"": -1, ""value"": ""Unspecified""}, ""Purpose"": {""endIndexInSegment"": 59, ""startIndexInSegment"": 34, ""selectedText"": ""your transactions with us"", ""value"": ""Unspecified""}}",Not specified,https://boardgamegeek.com/privacy
5899,test_category_labeling_highlight,88,3719,4,First Party Collection/Use,"{""Collection Mode"": {""endIndexInSegment"": -1, ""startIndexInSegment"": -1, ""value"": ""Unspecified""}, ""Choice Scope"": {""endIndexInSegment"": -1, ""startIndexInSegment"": -1, ""value"": ""Unspecified""}, ""Action First-Party"": {""endIndexInSegment"": 15, ""startIndexInSegment"": 0, ""selectedText"": ""Geekdo collects"", ""value"": ""Collect on website""}, ""Personal Information Type"": {""endIndexInSegment"": 60, ""startIndexInSegment"": 16, ""selectedText"": ""information about your transactions with us."", ""value"": ""User online activities""}, ""Choice Type"": {""endIndexInSegment"": -1, ""startIndexInSegment"": -1, ""value"": ""Unspecified""}, ""Identifiability"": {""endIndexInSegment"": -1, ""startIndexInSegment"": -1, ""value"": ""Unspecified""}, ""Does/Does Not"": {""endIndexInSegment"": 60, ""startIndexInSegment"": 0, ""selectedText"": ""Geekdo collects information about your transactions with us."", ""value"": ""Does""}, ""User Type"": {""endIndexInSegment"": -1, ""startIndexInSegment"": -1, ""value"": ""Unspecified""}, ""Purpose"": {""endIndexInSegment"": -1, ""startIndexInSegment"": -1, ""value"": ""Unspecified""}}",Not specified,https://boardgamegeek.com/privacy
C2609,test_category_labeling_highlight,82,3719,5,First Party Collection/Use,"{""Collection Mode"": {""endIndexInSegment"": 20, ""startIndexInSegment"": 7, ""selectedText"": ""automatically"", ""value"": ""Implicit""}, ""Choice Scope"": {""endIndexInSegment"": -1, ""startIndexInSegment"": -1, ""value"": ""Unspecified""}, ""Action First-Party"": {""endIndexInSegment"": 41, ""startIndexInSegment"": 21, ""selectedText"": ""receives and records"", ""value"": ""Unspecified""}, ""Personal Information Type"": {""endIndexInSegment"": 171, ""startIndexInSegment"": 154, ""selectedText"": ""page you request."", ""value"": ""User online activities""}, ""Choice Type"": {""endIndexInSegment"": -1, ""startIndexInSegment"": -1, ""value"": ""Unspecified""}, ""Identifiability"": {""endIndexInSegment"": -1, ""startIndexInSegment"": -1, ""value"": ""Unspecified""}, ""Does/Does Not"": {""endIndexInSegment"": -1, ""startIndexInSegment"": -1, ""value"": ""Does""}, ""User Type"": {""endIndexInSegment"": -1, ""startIndexInSegment"": -1, ""value"": ""Unspecified""}, ""Purpose"": {""endIndexInSegment"": -1, ""startIndexInSegment"": -1, ""value"": ""Unspecified""}}",Not specified,https://boardgamegeek.com/privacy
4843,test_category_labeling_highlight,84,3719,5,First Party Collection/Use,"{""Collection Mode"": {""endIndexInSegment"": 20, ""startIndexInSegment"": 7, ""selectedText"": ""automatically"", ""value"": ""Implicit""}, ""Choice Scope"": {""endIndexInSegment"": -1, ""startIndexInSegment"": -1, ""value"": ""Unspecified""}, ""Action First-Party"": {""endIndexInSegment"": -1, ""startIndexInSegment"": -1, ""value"": ""Unspecified""}, ""Personal Information Type"": {""endIndexInSegment"": 72, ""startIndexInSegment"": 68, ""selectedText"": ""logs"", ""value"": ""Computer information""}, ""Choice Type"": {""endIndexInSegment"": -1, ""startIndexInSegment"": -1, ""value"": ""Unspecified""}, ""Identifiability"": {""endIndexInSegment"": -1, ""startIndexInSegment"": -1, ""value"": ""Unspecified""}, ""Does/Does Not"": {""endIndexInSegment"": 29, ""startIndexInSegment"": 21, ""selectedText"": ""receives"", ""value"": ""Does""}, ""User Type"": {""endIndexInSegment"": -1, ""startIndexInSegment"": -1, ""value"": ""Unspecified""}, ""Purpose"": {""endIndexInSegment"": -1, ""startIndexInSegment"": -1, ""value"": ""Unspecified""}}",Not specified,https://boardgamegeek.com/privacy
4844,test_category_labeling_highlight,84,3719,5,First Party Collection/Use,"{""Collection Mode"": {""endIndexInSegment"": 20, ""startIndexInSegment"": 7, ""selectedText"": ""automatically"", ""value"": ""Implicit""}, ""Choice Scope"": {""endIndexInSegment"": -1, ""startIndexInSegment"": -1, ""value"": ""Unspecified""}, ""Action First-Party"": {""endIndexInSegment"": -1, ""startIndexInSegment"": -1, ""value"": ""Unspecified""}, ""Personal Information Type"": {""endIndexInSegment"": 118, ""startIndexInSegment"": 107, ""selectedText"": ""IP address,"", ""value"": ""IP address and device IDs""}, ""Choice Type"": {""endIndexInSegment"": -1, ""startIndexInSegment"": -1, ""value"": ""Unspecified""}, ""Identifiability"": {""endIndexInSegment"": -1, ""startIndexInSegment"": -1, ""value"": ""Unspecified""}, ""Does/Does Not"": {""endIndexInSegment"": 29, ""startIndexInSegment"": 21, ""selectedText"": ""receives"", ""value"": ""Does""}, ""User Type"": {""endIndexInSegment"": -1, ""startIndexInSegment"": -1, ""value"": ""Unspecified""}, ""Purpose"": {""endIndexInSegment"": -1, ""startIndexInSegment"": -1, ""value"": ""Unspecified""}}",Not specified,https://boardgamegeek.com/privacy
4845,test_category_labeling_highlight,84,3719,5,First Party Collection/Use,"{""Collection Mode"": {""endIndexInSegment"": 20, ""startIndexInSegment"": 7, ""selectedText"": ""automatically"", ""value"": ""Implicit""}, ""Choice Scope"": {""endIndexInSegment"": -1, ""startIndexInSegment"": -1, ""value"": ""Unspecified""}, ""Action First-Party"": {""endIndexInSegment"": -1, ""startIndexInSegment"": -1, ""value"": ""Unspecified""}, ""Personal Information Type"": {""endIndexInSegment"": 132, ""startIndexInSegment"": 126, ""selectedText"": ""cookie"", ""value"": ""Cookies and tracking elements""}, ""Choice Type"": {""endIndexInSegment"": -1, ""startIndexInSegment"": -1, ""value"": ""Unspecified""}, ""Identifiability"": {""endIndexInSegment"": -1, ""startIndexInSegment"": -1, ""value"": ""Unspecified""}, ""Does/Does Not"": {""endIndexInSegment"": 29, ""startIndexInSegment"": 21, ""selectedText"": ""receives"", ""value"": ""Does""}, ""User Type"": {""endIndexInSegment"": -1, ""startIndexInSegment"": -1, ""value"": ""Unspecified""}, ""Purpose"": {""endIndexInSegment"": -1, ""startIndexInSegment"": -1, ""value"": ""Unspecified""}}",Not specified,https://boardgamegeek.com/privacy
5896,test_category_labeling_highlight,88,3719,5,First Party Collection/Use,"{""Collection Mode"": {""endIndexInSegment"": 90, ""startIndexInSegment"": 0, ""selectedText"": ""Geekdo automatically receives and records information on our server logs from your browser"", ""value"": ""Implicit""}, ""Choice Scope"": {""endIndexInSegment"": -1, ""startIndexInSegment"": -1, ""value"": ""Unspecified""}, ""Action First-Party"": {""endIndexInSegment"": 90, ""startIndexInSegment"": 0, ""selectedText"": ""Geekdo automatically receives and records information on our server logs from your browser"", ""value"": ""Collect on website""}, ""Personal Information Type"": {""endIndexInSegment"": 117, ""startIndexInSegment"": 107, ""selectedText"": ""IP address"", ""value"": ""IP address and device IDs""}, ""Choice Type"": {""endIndexInSegment"": -1, ""startIndexInSegment"": -1, ""value"": ""Unspecified""}, ""Identifiability"": {""endIndexInSegment"": -1, ""startIndexInSegment"": -1, ""value"": ""Unspecified""}, ""Does/Does Not"": {""endIndexInSegment"": 90, ""startIndexInSegment"": 0, ""selectedText"": ""Geekdo automatically receives and records information on our server logs from your browser"", ""value"": ""Does""}, ""User Type"": {""endIndexInSegment"": -1, ""startIndexInSegment"": -1, ""value"": ""Unspecified""}, ""Purpose"": {""endIndexInSegment"": -1, ""startIndexInSegment"": -1, ""value"": ""Unspecified""}}",Not specified,https://boardgamegeek.com/privacy
5897,test_category_labeling_highlight,88,3719,5,First Party Collection/Use,"{""Collection Mode"": {""endIndexInSegment"": 90, ""startIndexInSegment"": 0, ""selectedText"": ""Geekdo automatically receives and records information on our server logs from your browser"", ""value"": ""Implicit""}, ""Choice Scope"": {""endIndexInSegment"": -1, ""startIndexInSegment"": -1, ""value"": ""Unspecified""}, ""Action First-Party"": {""endIndexInSegment"": 90, ""startIndexInSegment"": 0, ""selectedText"": ""Geekdo automatically receives and records information on our server logs from your browser"", ""value"": ""Collect on website""}, ""Personal Information Type"": {""endIndexInSegment"": 144, ""startIndexInSegment"": 126, ""selectedText"": ""cookie information"", ""value"": ""Cookies and tracking elements""}, ""Choice Type"": {""endIndexInSegment"": -1, ""startIndexInSegment"": -1, ""value"": ""Unspecified""}, ""Identifiability"": {""endIndexInSegment"": -1, ""startIndexInSegment"": -1, ""value"": ""Unspecified""}, ""Does/Does Not"": {""endIndexInSegment"": 90, ""startIndexInSegment"": 0, ""selectedText"": ""Geekdo automatically receives and records information on our server logs from your browser"", ""value"": ""Does""}, ""User Type"": {""endIndexInSegment"": -1, ""startIndexInSegment"": -1, ""value"": ""Unspecified""}, ""Purpose"": {""endIndexInSegment"": -1, ""startIndexInSegment"": -1, ""value"": ""Unspecified""}}",Not specified,https://boardgamegeek.com/privacy
5898,test_category_labeling_highlight,88,3719,5,First Party Collection/Use,"{""Collection Mode"": {""endIndexInSegment"": 90, ""startIndexInSegment"": 0, ""selectedText"": ""Geekdo automatically receives and records information on our server logs from your browser"", ""value"": ""Implicit""}, ""Choice Scope"": {""endIndexInSegment"": -1, ""startIndexInSegment"": -1, ""value"": ""Unspecified""}, ""Action First-Party"": {""endIndexInSegment"": 90, ""startIndexInSegment"": 0, ""selectedText"": ""Geekdo automatically receives and records information on our server logs from your browser"", ""value"": ""Collect on website""}, ""Personal Information Type"": {""endIndexInSegment"": 171, ""startIndexInSegment"": 150, ""selectedText"": ""the page you request."", ""value"": ""User online activities""}, ""Choice Type"": {""endIndexInSegment"": -1, ""startIndexInSegment"": -1, ""value"": ""Unspecified""}, ""Identifiability"": {""endIndexInSegment"": -1, ""startIndexInSegment"": -1, ""value"": ""Unspecified""}, ""Does/Does Not"": {""endIndexInSegment"": 90, ""startIndexInSegment"": 0, ""selectedText"": ""Geekdo automatically receives and records information on our server logs from your browser"", ""value"": ""Does""}, ""User Type"": {""endIndexInSegment"": -1, ""startIndexInSegment"": -1, ""value"": ""Unspecified""}, ""Purpose"": {""endIndexInSegment"": -1, ""startIndexInSegment"": -1, ""value"": ""Unspecified""}}",Not specified,https://boardgamegeek.com/privacy
6389,test_category_labeling_highlight,82,3719,5,First Party Collection/Use,"{""Collection Mode"": {""endIndexInSegment"": 20, ""startIndexInSegment"": 7, ""selectedText"": ""automatically"", ""value"": ""Implicit""}, ""Choice Scope"": {""endIndexInSegment"": -1, ""startIndexInSegment"": -1, ""value"": ""Unspecified""}, ""Action First-Party"": {""endIndexInSegment"": 41, ""startIndexInSegment"": 21, ""selectedText"": ""receives and records"", ""value"": ""Unspecified""}, ""Personal Information Type"": {""endIndexInSegment"": 118, ""startIndexInSegment"": 92, ""selectedText"": ""including your IP address,"", ""value"": ""IP address and device IDs""}, ""Choice Type"": {""endIndexInSegment"": -1, ""startIndexInSegment"": -1, ""value"": ""Unspecified""}, ""Identifiability"": {""endIndexInSegment"": -1, ""startIndexInSegment"": -1, ""value"": ""Unspecified""}, ""Does/Does Not"": {""endIndexInSegment"": -1, ""startIndexInSegment"": -1, ""value"": ""Does""}, ""User Type"": {""endIndexInSegment"": -1, ""startIndexInSegment"": -1, ""value"": ""Unspecified""}, ""Purpose"": {""endIndexInSegment"": -1, ""startIndexInSegment"": -1, ""value"": ""Unspecified""}}",Not specified,https://boardgamegeek.com/privacy
6390,test_category_labeling_highlight,82,3719,5,First Party Collection/Use,"{""Collection Mode"": {""endIndexInSegment"": 20, ""startIndexInSegment"": 7, ""selectedText"": ""automatically"", ""value"": ""Implicit""}, ""Choice Scope"": {""endIndexInSegment"": -1, ""startIndexInSegment"": -1, ""value"": ""Unspecified""}, ""Action First-Party"": {""endIndexInSegment"": 41, ""startIndexInSegment"": 21, ""selectedText"": ""receives and records"", ""value"": ""Unspecified""}, ""Personal Information Type"": {""endIndexInSegment"": 144, ""startIndexInSegment"": 127, ""selectedText"": ""ookie information"", ""value"": ""Cookies and tracking elements""}, ""Choice Type"": {""endIndexInSegment"": -1, ""startIndexInSegment"": -1, ""value"": ""Unspecified""}, ""Identifiability"": {""endIndexInSegment"": -1, ""startIndexInSegment"": -1, ""value"": ""Unspecified""}, ""Does/Does Not"": {""endIndexInSegment"": -1, ""startIndexInSegment"": -1, ""value"": ""Does""}, ""User Type"": {""endIndexInSegment"": -1, ""startIndexInSegment"": -1, ""value"": ""Unspecified""}, ""Purpose"": {""endIndexInSegment"": -1, ""startIndexInSegment"": -1, ""value"": ""Unspecified""}}",Not specified,https://boardgamegeek.com/privacy
C2610,test_category_labeling_highlight,82,3719,6,First Party Collection/Use,"{""Collection Mode"": {""endIndexInSegment"": -1, ""startIndexInSegment"": -1, ""value"": ""Unspecified""}, ""Choice Scope"": {""endIndexInSegment"": -1, ""startIndexInSegment"": -1, ""value"": ""Unspecified""}, ""Action First-Party"": {""endIndexInSegment"": -1, ""startIndexInSegment"": -1, ""value"": ""Unspecified""}, ""Personal Information Type"": {""endIndexInSegment"": -1, ""startIndexInSegment"": -1, ""value"": ""Unspecified""}, ""Choice Type"": {""endIndexInSegment"": -1, ""startIndexInSegment"": -1, ""value"": ""Unspecified""}, ""Identifiability"": {""endIndexInSegment"": -1, ""startIndexInSegment"": -1, ""value"": ""Unspecified""}, ""Does/Does Not"": {""endIndexInSegment"": -1, ""startIndexInSegment"": -1, ""value"": ""Does""}, ""User Type"": {""endIndexInSegment"": -1, ""startIndexInSegment"": -1, ""value"": ""Unspecified""}, ""Purpose"": {""endIndexInSegment"": 158, ""startIndexInSegment"": 110, ""selectedText"": ""fulfill your requests for products and services,"", ""value"": ""Basic service/feature""}}",Not specified,https://boardgamegeek.com/privacy
C2611,test_category_labeling_highlight,88,3719,6,First Party Collection/Use,"{""Collection Mode"": {""endIndexInSegment"": 88, ""startIndexInSegment"": 0, ""selectedText"": ""Geekdo uses information for the following general purposes: to customize the advertising"", ""value"": ""Unspecified""}, ""Choice Scope"": {""endIndexInSegment"": -1, ""startIndexInSegment"": -1, ""value"": ""Unspecified""}, ""Action First-Party"": {""endIndexInSegment"": 88, ""startIndexInSegment"": 0, ""selectedText"": ""Geekdo uses information for the following general purposes: to customize the advertising"", ""value"": ""Collect on website""}, ""Personal Information Type"": {""endIndexInSegment"": -1, ""startIndexInSegment"": -1, ""value"": ""Unspecified""}, ""Choice Type"": {""endIndexInSegment"": -1, ""startIndexInSegment"": -1, ""value"": ""Unspecified""}, ""Identifiability"": {""endIndexInSegment"": -1, ""startIndexInSegment"": -1, ""value"": ""Unspecified""}, ""Does/Does Not"": {""endIndexInSegment"": 88, ""startIndexInSegment"": 0, ""selectedText"": ""Geekdo uses information for the following general purposes: to customize the advertising"", ""value"": ""Does""}, ""User Type"": {""endIndexInSegment"": -1, ""startIndexInSegment"": -1, ""value"": ""Unspecified""}, ""Purpose"": {""endIndexInSegment"": 108, ""startIndexInSegment"": 60, ""selectedText"": ""to customize the advertising and content you see"", ""value"": ""Personalization/Customization""}}",Not specified,https://boardgamegeek.com/privacy
C2612,test_category_labeling_highlight,88,3719,6,First Party Collection/Use,"{""Collection Mode"": {""endIndexInSegment"": 88, ""startIndexInSegment"": 0, ""selectedText"": ""Geekdo uses information for the following general purposes: to customize the advertising"", ""value"": ""Unspecified""}, ""Choice Scope"": {""endIndexInSegment"": -1, ""startIndexInSegment"": -1, ""value"": ""Unspecified""}, ""Action First-Party"": {""endIndexInSegment"": 88, ""startIndexInSegment"": 0, ""selectedText"": ""Geekdo uses information for the following general purposes: to customize the advertising"", ""value"": ""Collect on website""}, ""Personal Information Type"": {""endIndexInSegment"": -1, ""startIndexInSegment"": -1, ""value"": ""Unspecified""}, ""Choice Type"": {""endIndexInSegment"": -1, ""startIndexInSegment"": -1, ""value"": ""Unspecified""}, ""Identifiability"": {""endIndexInSegment"": -1, ""startIndexInSegment"": -1, ""value"": ""Unspecified""}, ""Does/Does Not"": {""endIndexInSegment"": 88, ""startIndexInSegment"": 0, ""selectedText"": ""Geekdo uses information for the following general purposes: to customize the advertising"", ""value"": ""Does""}, ""User Type"": {""endIndexInSegment"": -1, ""startIndexInSegment"": -1, ""value"": ""Unspecified""}, ""Purpose"": {""endIndexInSegment"": 234, ""startIndexInSegment"": 216, ""selectedText"": ""investigate abuse."", ""value"": ""Service Operation and Security""}}",Not specified,https://boardgamegeek.com/privacy
4847,test_category_labeling_highlight,84,3719,6,First Party Collection/Use,"{""Collection Mode"": {""endIndexInSegment"": -1, ""startIndexInSegment"": -1, ""value"": ""Unspecified""}, ""Choice Scope"": {""endIndexInSegment"": -1, ""startIndexInSegment"": -1, ""value"": ""Unspecified""}, ""Action First-Party"": {""endIndexInSegment"": -1, ""startIndexInSegment"": -1, ""value"": ""Unspecified""}, ""Personal Information Type"": {""endIndexInSegment"": 23, ""startIndexInSegment"": 12, ""selectedText"": ""information"", ""value"": ""Unspecified""}, ""Choice Type"": {""endIndexInSegment"": -1, ""startIndexInSegment"": -1, ""value"": ""Unspecified""}, ""Identifiability"": {""endIndexInSegment"": -1, ""startIndexInSegment"": -1, ""value"": ""Unspecified""}, ""Does/Does Not"": {""endIndexInSegment"": 11, ""startIndexInSegment"": 7, ""selectedText"": ""uses"", ""value"": ""Does""}, ""User Type"": {""endIndexInSegment"": -1, ""startIndexInSegment"": -1, ""value"": ""Unspecified""}, ""Purpose"": {""endIndexInSegment"": 72, ""startIndexInSegment"": 63, ""selectedText"": ""customize"", ""value"": ""Personalization/Customization""}}",Not specified,https://boardgamegeek.com/privacy
4848,test_category_labeling_highlight,84,3719,6,First Party Collection/Use,"{""Collection Mode"": {""endIndexInSegment"": -1, ""startIndexInSegment"": -1, ""value"": ""Unspecified""}, ""Choice Scope"": {""endIndexInSegment"": -1, ""startIndexInSegment"": -1, ""value"": ""Unspecified""}, ""Action First-Party"": {""endIndexInSegment"": -1, ""startIndexInSegment"": -1, ""value"": ""Unspecified""}, ""Personal Information Type"": {""endIndexInSegment"": 23, ""startIndexInSegment"": 12, ""selectedText"": ""information"", ""value"": ""Unspecified""}, ""Choice Type"": {""endIndexInSegment"": -1, ""startIndexInSegment"": -1, ""value"": ""Unspecified""}, ""Identifiability"": {""endIndexInSegment"": -1, ""startIndexInSegment"": -1, ""value"": ""Unspecified""}, ""Does/Does Not"": {""endIndexInSegment"": 11, ""startIndexInSegment"": 7, ""selectedText"": ""uses"", ""value"": ""Does""}, ""User Type"": {""endIndexInSegment"": -1, ""startIndexInSegment"": -1, ""value"": ""Unspecified""}, ""Purpose"": {""endIndexInSegment"": 88, ""startIndexInSegment"": 77, ""selectedText"": ""advertising"", ""value"": ""Advertising""}}",Not specified,https://boardgamegeek.com/privacy
4850,test_category_labeling_highlight,84,3719,6,First Party Collection/Use,"{""Collection Mode"": {""endIndexInSegment"": -1, ""startIndexInSegment"": -1, ""value"": ""Unspecified""}, ""Choice Scope"": {""endIndexInSegment"": -1, ""startIndexInSegment"": -1, ""value"": ""Unspecified""}, ""Action First-Party"": {""endIndexInSegment"": -1, ""startIndexInSegment"": -1, ""value"": ""Unspecified""}, ""Personal Information Type"": {""endIndexInSegment"": 23, ""startIndexInSegment"": 12, ""selectedText"": ""information"", ""value"": ""Unspecified""}, ""Choice Type"": {""endIndexInSegment"": -1, ""startIndexInSegment"": -1, ""value"": ""Unspecified""}, ""Identifiability"": {""endIndexInSegment"": -1, ""startIndexInSegment"": -1, ""value"": ""Unspecified""}, ""Does/Does Not"": {""endIndexInSegment"": 11, ""startIndexInSegment"": 7, ""selectedText"": ""uses"", ""value"": ""Does""}, ""User Type"": {""endIndexInSegment"": -1, ""startIndexInSegment"": -1, ""value"": ""Unspecified""}, ""Purpose"": {""endIndexInSegment"": 188, ""startIndexInSegment"": 181, ""selectedText"": ""contact"", ""value"": ""Marketing""}}",Not specified,https://boardgamegeek.com/privacy
4851,test_category_labeling_highlight,84,3719,6,First Party Collection/Use,"{""Collection Mode"": {""endIndexInSegment"": -1, ""startIndexInSegment"": -1, ""value"": ""Unspecified""}, ""Choice Scope"": {""endIndexInSegment"": -1, ""startIndexInSegment"": -1, ""value"": ""Unspecified""}, ""Action First-Party"": {""endIndexInSegment"": -1, ""startIndexInSegment"": -1, ""value"": ""Unspecified""}, ""Personal Information Type"": {""endIndexInSegment"": 23, ""startIndexInSegment"": 12, ""selectedText"": ""information"", ""value"": ""Unspecified""}, ""Choice Type"": {""endIndexInSegment"": -1, ""startIndexInSegment"": -1, ""value"": ""Unspecified""}, ""Identifiability"": {""endIndexInSegment"": -1, ""startIndexInSegment"": -1, ""value"": ""Unspecified""}, ""Does/Does Not"": {""endIndexInSegment"": 11, ""startIndexInSegment"": 7, ""selectedText"": ""uses"", ""value"": ""Does""}, ""User Type"": {""endIndexInSegment"": -1, ""startIndexInSegment"": -1, ""value"": ""Unspecified""}, ""Purpose"": {""endIndexInSegment"": 210, ""startIndexInSegment"": 194, ""selectedText"": ""conduct research"", ""value"": ""Analytics/Research""}}",Not specified,https://boardgamegeek.com/privacy
4852,test_category_labeling_highlight,84,3719,6,First Party Collection/Use,"{""Collection Mode"": {""endIndexInSegment"": -1, ""startIndexInSegment"": -1, ""value"": ""Unspecified""}, ""Choice Scope"": {""endIndexInSegment"": -1, ""startIndexInSegment"": -1, ""value"": ""Unspecified""}, ""Action First-Party"": {""endIndexInSegment"": -1, ""startIndexInSegment"": -1, ""value"": ""Unspecified""}, ""Personal Information Type"": {""endIndexInSegment"": 23, ""startIndexInSegment"": 12, ""selectedText"": ""information"", ""value"": ""Unspecified""}, ""Choice Type"": {""endIndexInSegment"": -1, ""startIndexInSegment"": -1, ""value"": ""Unspecified""}, ""Identifiability"": {""endIndexInSegment"": -1, ""startIndexInSegment"": -1, ""value"": ""Unspecified""}, ""Does/Does Not"": {""endIndexInSegment"": 11, ""startIndexInSegment"": 7, ""selectedText"": ""uses"", ""value"": ""Does""}, ""User Type"": {""endIndexInSegment"": -1, ""startIndexInSegment"": -1, ""value"": ""Unspecified""}, ""Purpose"": {""endIndexInSegment"": 227, ""startIndexInSegment"": 216, ""selectedText"": ""investigate"", ""value"": ""Service Operation and Security""}}",Not specified,https://boardgamegeek.com/privacy
5891,test_category_labeling_highlight,88,3719,6,First Party Collection/Use,"{""Collection Mode"": {""endIndexInSegment"": 88, ""startIndexInSegment"": 0, ""selectedText"": ""Geekdo uses information for the following general purposes: to customize the advertising"", ""value"": ""Unspecified""}, ""Choice Scope"": {""endIndexInSegment"": -1, ""startIndexInSegment"": -1, ""value"": ""Unspecified""}, ""Action First-Party"": {""endIndexInSegment"": 88, ""startIndexInSegment"": 0, ""selectedText"": ""Geekdo uses information for the following general purposes: to customize the advertising"", ""value"": ""Collect on website""}, ""Personal Information Type"": {""endIndexInSegment"": -1, ""startIndexInSegment"": -1, ""value"": ""Unspecified""}, ""Choice Type"": {""endIndexInSegment"": -1, ""startIndexInSegment"": -1, ""value"": ""Unspecified""}, ""Identifiability"": {""endIndexInSegment"": -1, ""startIndexInSegment"": -1, ""value"": ""Unspecified""}, ""Does/Does Not"": {""endIndexInSegment"": 88, ""startIndexInSegment"": 0, ""selectedText"": ""Geekdo uses information for the following general purposes: to customize the advertising"", ""value"": ""Does""}, ""User Type"": {""endIndexInSegment"": -1, ""startIndexInSegment"": -1, ""value"": ""Unspecified""}, ""Purpose"": {""endIndexInSegment"": 88, ""startIndexInSegment"": 77, ""selectedText"": ""advertising"", ""value"": ""Advertising""}}",Not specified,https://boardgamegeek.com/privacy
5893,test_category_labeling_highlight,88,3719,6,First Party Collection/Use,"{""Collection Mode"": {""endIndexInSegment"": 88, ""startIndexInSegment"": 0, ""selectedText"": ""Geekdo uses information for the following general purposes: to customize the advertising"", ""value"": ""Unspecified""}, ""Choice Scope"": {""endIndexInSegment"": -1, ""startIndexInSegment"": -1, ""value"": ""Unspecified""}, ""Action First-Party"": {""endIndexInSegment"": 88, ""startIndexInSegment"": 0, ""selectedText"": ""Geekdo uses information for the following general purposes: to customize the advertising"", ""value"": ""Collect on website""}, ""Personal Information Type"": {""endIndexInSegment"": -1, ""startIndexInSegment"": -1, ""value"": ""Unspecified""}, ""Choice Type"": {""endIndexInSegment"": -1, ""startIndexInSegment"": -1, ""value"": ""Unspecified""}, ""Identifiability"": {""endIndexInSegment"": -1, ""startIndexInSegment"": -1, ""value"": ""Unspecified""}, ""Does/Does Not"": {""endIndexInSegment"": 88, ""startIndexInSegment"": 0, ""selectedText"": ""Geekdo uses information for the following general purposes: to customize the advertising"", ""value"": ""Does""}, ""User Type"": {""endIndexInSegment"": -1, ""startIndexInSegment"": -1, ""value"": ""Unspecified""}, ""Purpose"": {""endIndexInSegment"": 157, ""startIndexInSegment"": 110, ""selectedText"": ""fulfill your requests for products and services"", ""value"": ""Basic service/feature""}}",Not specified,https://boardgamegeek.com/privacy
5894,test_category_labeling_highlight,88,3719,6,First Party Collection/Use,"{""Collection Mode"": {""endIndexInSegment"": 88, ""startIndexInSegment"": 0, ""selectedText"": ""Geekdo uses information for the following general purposes: to customize the advertising"", ""value"": ""Unspecified""}, ""Choice Scope"": {""endIndexInSegment"": -1, ""startIndexInSegment"": -1, ""value"": ""Unspecified""}, ""Action First-Party"": {""endIndexInSegment"": 88, ""startIndexInSegment"": 0, ""selectedText"": ""Geekdo uses information for the following general purposes: to customize the advertising"", ""value"": ""Collect on website""}, ""Personal Information Type"": {""endIndexInSegment"": -1, ""startIndexInSegment"": -1, ""value"": ""Unspecified""}, ""Choice Type"": {""endIndexInSegment"": -1, ""startIndexInSegment"": -1, ""value"": ""Unspecified""}, ""Identifiability"": {""endIndexInSegment"": -1, ""startIndexInSegment"": -1, ""value"": ""Unspecified""}, ""Does/Does Not"": {""endIndexInSegment"": 88, ""startIndexInSegment"": 0, ""selectedText"": ""Geekdo uses information for the following general purposes: to customize the advertising"", ""value"": ""Does""}, ""User Type"": {""endIndexInSegment"": -1, ""startIndexInSegment"": -1, ""value"": ""Unspecified""}, ""Purpose"": {""endIndexInSegment"": 210, ""startIndexInSegment"": 194, ""selectedText"": ""conduct research"", ""value"": ""Analytics/Research""}}",Not specified,https://boardgamegeek.com/privacy
6393,test_category_labeling_highlight,82,3719,6,First Party Collection/Use,"{""Collection Mode"": {""endIndexInSegment"": -1, ""startIndexInSegment"": -1, ""value"": ""Unspecified""}, ""Choice Scope"": {""endIndexInSegment"": -1, ""startIndexInSegment"": -1, ""value"": ""Unspecified""}, ""Action First-Party"": {""endIndexInSegment"": -1, ""startIndexInSegment"": -1, ""value"": ""Unspecified""}, ""Personal Information Type"": {""endIndexInSegment"": -1, ""startIndexInSegment"": -1, ""value"": ""Unspecified""}, ""Choice Type"": {""endIndexInSegment"": -1, ""startIndexInSegment"": -1, ""value"": ""Unspecified""}, ""Identifiability"": {""endIndexInSegment"": -1, ""startIndexInSegment"": -1, ""value"": ""Unspecified""}, ""Does/Does Not"": {""endIndexInSegment"": -1, ""startIndexInSegment"": -1, ""value"": ""Does""}, ""User Type"": {""endIndexInSegment"": -1, ""startIndexInSegment"": -1, ""value"": ""Unspecified""}, ""Purpose"": {""endIndexInSegment"": 178, ""startIndexInSegment"": 159, ""selectedText"": ""improve our service"", ""value"": ""Analytics/Research""}}",Not specified,https://boardgamegeek.com/privacy
6396,test_category_labeling_highlight,82,3719,6,First Party Collection/Use,"{""Collection Mode"": {""endIndexInSegment"": -1, ""startIndexInSegment"": -1, ""value"": ""Unspecified""}, ""Choice Scope"": {""endIndexInSegment"": -1, ""startIndexInSegment"": -1, ""value"": ""Unspecified""}, ""Action First-Party"": {""endIndexInSegment"": -1, ""startIndexInSegment"": -1, ""value"": ""Unspecified""}, ""Personal Information Type"": {""endIndexInSegment"": -1, ""startIndexInSegment"": -1, ""value"": ""Unspecified""}, ""Choice Type"": {""endIndexInSegment"": -1, ""startIndexInSegment"": -1, ""value"": ""Unspecified""}, ""Identifiability"": {""endIndexInSegment"": -1, ""startIndexInSegment"": -1, ""value"": ""Unspecified""}, ""Does/Does Not"": {""endIndexInSegment"": -1, ""startIndexInSegment"": -1, ""value"": ""Does""}, ""User Type"": {""endIndexInSegment"": -1, ""startIndexInSegment"": -1, ""value"": ""Unspecified""}, ""Purpose"": {""endIndexInSegment"": 108, ""startIndexInSegment"": 93, ""selectedText"": ""content you see"", ""value"": ""Personalization/Customization""}}",Not specified,https://boardgamegeek.com/privacy
4853,test_category_labeling_highlight,84,3719,7,Third Party Sharing/Collection,"{""Third Party Entity"": {""endIndexInSegment"": 26, ""startIndexInSegment"": 16, ""selectedText"": ""ValueClick"", ""value"": ""Named third party""}, ""Choice Scope"": {""endIndexInSegment"": 410, ""startIndexInSegment"": 404, ""selectedText"": ""use of"", ""value"": ""Use""}, ""Purpose"": {""endIndexInSegment"": 266, ""startIndexInSegment"": 252, ""selectedText"": ""advertisements"", ""value"": ""Advertising""}, ""Personal Information Type"": {""endIndexInSegment"": 129, ""startIndexInSegment"": 122, ""selectedText"": ""cookies"", ""value"": ""Cookies and tracking elements""}, ""Choice Type"": {""endIndexInSegment"": 504, ""startIndexInSegment"": 388, ""selectedText"": ""opt-out of this use of your anonymous information, you can visit http://www.valueclickmedia.com/member_privacy.shtml"", ""value"": ""Third-party privacy controls""}, ""Identifiability"": {""endIndexInSegment"": 195, ""startIndexInSegment"": 156, ""selectedText"": ""non-personally identifiable information"", ""value"": ""Aggregated or anonymized""}, ""Does/Does Not"": {""endIndexInSegment"": 121, ""startIndexInSegment"": 118, ""selectedText"": ""use"", ""value"": ""Does""}, ""User Type"": {""endIndexInSegment"": -1, ""startIndexInSegment"": -1, ""value"": ""Unspecified""}, ""Action Third Party"": {""endIndexInSegment"": 102, ""startIndexInSegment"": 30, ""selectedText"": ""serve ads and/or collect certain information when you visit our website."", ""value"": ""Track on first party website/app""}}",Not specified,https://boardgamegeek.com/privacy
5889,test_category_labeling_highlight,88,3719,7,Third Party Sharing/Collection,"{""Third Party Entity"": {""endIndexInSegment"": 504, ""startIndexInSegment"": 103, ""selectedText"": ""ValueClick may use cookies or web beacons to collect non-personally identifiable information during your visit to this website in order to help show advertisements on other websites likely to be more interesting to you. To learn more about this \""behavioral advertising\"" practice or to opt-out of this use of your anonymous information, you can visit http://www.valueclickmedia.com/member_privacy.shtml"", ""value"": ""Named third party""}, ""Choice Scope"": {""endIndexInSegment"": 121, ""startIndexInSegment"": 118, ""selectedText"": ""use"", ""value"": ""Use""}, ""Purpose"": {""endIndexInSegment"": 266, ""startIndexInSegment"": 252, ""selectedText"": ""advertisements"", ""value"": ""Advertising""}, ""Personal Information Type"": {""endIndexInSegment"": 144, ""startIndexInSegment"": 122, ""selectedText"": ""cookies or web beacons"", ""value"": ""Cookies and tracking elements""}, ""Choice Type"": {""endIndexInSegment"": 504, ""startIndexInSegment"": 385, ""selectedText"": ""to opt-out of this use of your anonymous information, you can visit http://www.valueclickmedia.com/member_privacy.shtml"", ""value"": ""Third-party privacy controls""}, ""Identifiability"": {""endIndexInSegment"": 195, ""startIndexInSegment"": 156, ""selectedText"": ""non-personally identifiable information"", ""value"": ""Aggregated or anonymized""}, ""Does/Does Not"": {""endIndexInSegment"": 504, ""startIndexInSegment"": 0, ""selectedText"": ""We partner with ValueClick to serve ads and/or collect certain information when you visit our website. ValueClick may use cookies or web beacons to collect non-personally identifiable information during your visit to this website in order to help show advertisements on other websites likely to be more interesting to you. To learn more about this \""behavioral advertising\"" practice or to opt-out of this use of your anonymous information, you can visit http://www.valueclickmedia.com/member_privacy.shtml"", ""value"": ""Does""}, ""User Type"": {""endIndexInSegment"": -1, ""startIndexInSegment"": -1, ""value"": ""Unspecified""}, ""Action Third Party"": {""endIndexInSegment"": 231, ""startIndexInSegment"": 103, ""selectedText"": ""ValueClick may use cookies or web beacons to collect non-personally identifiable information during your visit to this website i"", ""value"": ""Collect on first party website/app""}}",Not specified,https://boardgamegeek.com/privacy
5890,test_category_labeling_highlight,88,3719,7,Third Party Sharing/Collection,"{""Third Party Entity"": {""endIndexInSegment"": -1, ""startIndexInSegment"": -1, ""value"": ""Named third party""}, ""Choice Scope"": {""endIndexInSegment"": -1, ""startIndexInSegment"": -1, ""value"": ""Use""}, ""Purpose"": {""endIndexInSegment"": -1, ""startIndexInSegment"": -1, ""value"": ""Advertising""}, ""Personal Information Type"": {""endIndexInSegment"": -1, ""startIndexInSegment"": -1, ""value"": ""Cookies and tracking elements""}, ""Choice Type"": {""endIndexInSegment"": -1, ""startIndexInSegment"": -1, ""value"": ""Third-party privacy controls""}, ""Identifiability"": {""endIndexInSegment"": -1, ""startIndexInSegment"": -1, ""value"": ""Aggregated or anonymized""}, ""Does/Does Not"": {""endIndexInSegment"": -1, ""startIndexInSegment"": -1, ""value"": ""Does""}, ""User Type"": {""endIndexInSegment"": -1, ""startIndexInSegment"": -1, ""value"": ""Unspecified""}, ""Action Third Party"": {""endIndexInSegment"": 284, ""startIndexInSegment"": 239, ""selectedText"": ""to help show advertisements on other websites"", ""value"": ""Other""}}",Not specified,https://boardgamegeek.com/privacy
6399,test_category_labeling_highlight,82,3719,7,Third Party Sharing/Collection,"{""Third Party Entity"": {""endIndexInSegment"": 26, ""startIndexInSegment"": 11, ""selectedText"": ""with ValueClick"", ""value"": ""Named third party""}, ""Choice Scope"": {""endIndexInSegment"": -1, ""startIndexInSegment"": -1, ""value"": ""Unspecified""}, ""Purpose"": {""endIndexInSegment"": 321, ""startIndexInSegment"": 247, ""selectedText"": ""show advertisements on other websites likely to be more interesting to you"", ""value"": ""Advertising""}, ""Personal Information Type"": {""endIndexInSegment"": 146, ""startIndexInSegment"": 122, ""selectedText"": ""cookies or web beacons t"", ""value"": ""Cookies and tracking elements""}, ""Choice Type"": {""endIndexInSegment"": 504, ""startIndexInSegment"": 323, ""selectedText"": ""To learn more about this \""behavioral advertising\"" practice or to opt-out of this use of your anonymous information, you can visit http://www.valueclickmedia.com/member_privacy.shtml"", ""value"": ""Opt-out link""}, ""Identifiability"": {""endIndexInSegment"": -1, ""startIndexInSegment"": -1, ""value"": ""Unspecified""}, ""Does/Does Not"": {""endIndexInSegment"": -1, ""startIndexInSegment"": -1, ""value"": ""Does""}, ""User Type"": {""endIndexInSegment"": -1, ""startIndexInSegment"": -1, ""value"": ""Unspecified""}, ""Action Third Party"": {""endIndexInSegment"": 101, ""startIndexInSegment"": 47, ""selectedText"": ""collect certain information when you visit our website"", ""value"": ""Collect on first party website/app""}}",Not specified,https://boardgamegeek.com/privacy
4854,test_category_labeling_highlight,84,3719,8,Policy Change,"{""Change Type"": {""endIndexInSegment"": 98, ""startIndexInSegment"": 83, ""selectedText"": ""without notice."", ""value"": ""Unspecified""}, ""User Choice"": {""endIndexInSegment"": -1, ""startIndexInSegment"": -1, ""value"": ""Unspecified""}, ""Notification Type"": {""endIndexInSegment"": 90, ""startIndexInSegment"": 83, ""selectedText"": ""without"", ""value"": ""No notification""}}",Not specified,https://boardgamegeek.com/privacy
4855,test_category_labeling_highlight,84,3719,8,Policy Change,"{""Change Type"": {""endIndexInSegment"": 98, ""startIndexInSegment"": 83, ""selectedText"": ""without notice."", ""value"": ""Unspecified""}, ""User Choice"": {""endIndexInSegment"": -1, ""startIndexInSegment"": -1, ""value"": ""Unspecified""}, ""Notification Type"": {""endIndexInSegment"": 167, ""startIndexInSegment"": 99, ""selectedText"": ""If we modify our Privacy Policy, we may post a notice on our website"", ""value"": ""General notice on website""}}",Not specified,https://boardgamegeek.com/privacy
5885,test_category_labeling_highlight,88,3719,8,Policy Change,"{""Change Type"": {""endIndexInSegment"": 98, ""startIndexInSegment"": 0, ""selectedText"": ""Geekdo reserves the right to modify all or some of this Privacy Policy at any time without notice."", ""value"": ""Unspecified""}, ""User Choice"": {""endIndexInSegment"": -1, ""startIndexInSegment"": -1, ""value"": ""Unspecified""}, ""Notification Type"": {""endIndexInSegment"": 98, ""startIndexInSegment"": 83, ""selectedText"": ""without notice."", ""value"": ""No notification""}}",Not specified,https://boardgamegeek.com/privacy
5886,test_category_labeling_highlight,88,3719,8,Policy Change,"{""Change Type"": {""endIndexInSegment"": 167, ""startIndexInSegment"": 99, ""selectedText"": ""If we modify our Privacy Policy, we may post a notice on our website"", ""value"": ""Unspecified""}, ""User Choice"": {""endIndexInSegment"": -1, ""startIndexInSegment"": -1, ""value"": ""Unspecified""}, ""Notification Type"": {""endIndexInSegment"": 167, ""startIndexInSegment"": 132, ""selectedText"": ""we may post a notice on our website"", ""value"": ""General notice in privacy policy""}}",Not specified,https://boardgamegeek.com/privacy
6400,test_category_labeling_highlight,82,3719,8,Policy Change,"{""Change Type"": {""endIndexInSegment"": -1, ""startIndexInSegment"": -1, ""value"": ""Unspecified""}, ""User Choice"": {""endIndexInSegment"": -1, ""startIndexInSegment"": -1, ""value"": ""Unspecified""}, ""Notification Type"": {""endIndexInSegment"": 222, ""startIndexInSegment"": 139, ""selectedText"": ""post a notice on our website so our users are aware of what information we collect,"", ""value"": ""General notice on website""}}",Not specified,https://boardgamegeek.com/privacy
4856,test_category_labeling_highlight,84,3719,9,Third Party Sharing/Collection,"{""Third Party Entity"": {""endIndexInSegment"": -1, ""startIndexInSegment"": -1, ""value"": ""Unspecified""}, ""Choice Scope"": {""endIndexInSegment"": -1, ""startIndexInSegment"": -1, ""value"": ""Unspecified""}, ""Purpose"": {""endIndexInSegment"": 65, ""startIndexInSegment"": 54, ""selectedText"": ""investigate"", ""value"": ""Legal requirement""}, ""Personal Information Type"": {""endIndexInSegment"": 41, ""startIndexInSegment"": 30, ""selectedText"": ""information"", ""value"": ""Unspecified""}, ""Choice Type"": {""endIndexInSegment"": -1, ""startIndexInSegment"": -1, ""value"": ""Unspecified""}, ""Identifiability"": {""endIndexInSegment"": -1, ""startIndexInSegment"": -1, ""value"": ""Unspecified""}, ""Does/Does Not"": {""endIndexInSegment"": 10, ""startIndexInSegment"": 3, ""selectedText"": ""reserve"", ""value"": ""Does""}, ""User Type"": {""endIndexInSegment"": -1, ""startIndexInSegment"": -1, ""value"": ""Unspecified""}, ""Action Third Party"": {""endIndexInSegment"": 29, ""startIndexInSegment"": 24, ""selectedText"": ""share"", ""value"": ""Receive/Shared with""}}",Not specified,https://boardgamegeek.com/privacy
4857,test_category_labeling_highlight,84,3719,9,Third Party Sharing/Collection,"{""Third Party Entity"": {""endIndexInSegment"": -1, ""startIndexInSegment"": -1, ""value"": ""Unspecified""}, ""Choice Scope"": {""endIndexInSegment"": -1, ""startIndexInSegment"": -1, ""value"": ""Unspecified""}, ""Purpose"": {""endIndexInSegment"": 179, ""startIndexInSegment"": 67, ""selectedText"": ""prevent, or take action regarding illegal activities, suspected fraud, violations of the Geekdo Terms of Service"", ""value"": ""Service operation and security""}, ""Personal Information Type"": {""endIndexInSegment"": 41, ""startIndexInSegment"": 30, ""selectedText"": ""information"", ""value"": ""Unspecified""}, ""Choice Type"": {""endIndexInSegment"": -1, ""startIndexInSegment"": -1, ""value"": ""Unspecified""}, ""Identifiability"": {""endIndexInSegment"": -1, ""startIndexInSegment"": -1, ""value"": ""Unspecified""}, ""Does/Does Not"": {""endIndexInSegment"": 10, ""startIndexInSegment"": 3, ""selectedText"": ""reserve"", ""value"": ""Does""}, ""User Type"": {""endIndexInSegment"": -1, ""startIndexInSegment"": -1, ""value"": ""Unspecified""}, ""Action Third Party"": {""endIndexInSegment"": 29, ""startIndexInSegment"": 24, ""selectedText"": ""share"", ""value"": ""Receive/Shared with""}}",Not specified,https://boardgamegeek.com/privacy
5887,test_category_labeling_highlight,88,3719,9,Third Party Sharing/Collection,"{""Third Party Entity"": {""endIndexInSegment"": 256, ""startIndexInSegment"": 0, ""selectedText"": ""We reserve the right to share information in order to investigate, prevent, or take action regarding illegal activities, suspected fraud, violations of the Geekdo Terms of Service, situations involving potential threats to the physical safety of any person"", ""value"": ""Unnamed third party""}, ""Choice Scope"": {""endIndexInSegment"": -1, ""startIndexInSegment"": -1, ""value"": ""Unspecified""}, ""Purpose"": {""endIndexInSegment"": 256, ""startIndexInSegment"": 121, ""selectedText"": ""suspected fraud, violations of the Geekdo Terms of Service, situations involving potential threats to the physical safety of any person"", ""value"": ""Service operation and security""}, ""Personal Information Type"": {""endIndexInSegment"": -1, ""startIndexInSegment"": -1, ""value"": ""Unspecified""}, ""Choice Type"": {""endIndexInSegment"": -1, ""startIndexInSegment"": -1, ""value"": ""Unspecified""}, ""Identifiability"": {""endIndexInSegment"": -1, ""startIndexInSegment"": -1, ""value"": ""Unspecified""}, ""Does/Does Not"": {""endIndexInSegment"": 256, ""startIndexInSegment"": 0, ""selectedText"": ""We reserve the right to share information in order to investigate, prevent, or take action regarding illegal activities, suspected fraud, violations of the Geekdo Terms of Service, situations involving potential threats to the physical safety of any person"", ""value"": ""Does""}, ""User Type"": {""endIndexInSegment"": -1, ""startIndexInSegment"": -1, ""value"": ""Unspecified""}, ""Action Third Party"": {""endIndexInSegment"": 256, ""startIndexInSegment"": 0, ""selectedText"": ""We reserve the right to share information in order to investigate, prevent, or take action regarding illegal activities, suspected fraud, violations of the Geekdo Terms of Service, situations involving potential threats to the physical safety of any person"", ""value"": ""Receive/Shared with""}}",Not specified,https://boardgamegeek.com/privacy
5888,test_category_labeling_highlight,88,3719,9,Third Party Sharing/Collection,"{""Third Party Entity"": {""endIndexInSegment"": 256, ""startIndexInSegment"": 0, ""selectedText"": ""We reserve the right to share information in order to investigate, prevent, or take action regarding illegal activities, suspected fraud, violations of the Geekdo Terms of Service, situations involving potential threats to the physical safety of any person"", ""value"": ""Unnamed third party""}, ""Choice Scope"": {""endIndexInSegment"": -1, ""startIndexInSegment"": -1, ""value"": ""Unspecified""}, ""Purpose"": {""endIndexInSegment"": 290, ""startIndexInSegment"": 258, ""selectedText"": ""or as otherwise required by law."", ""value"": ""Legal requirement""}, ""Personal Information Type"": {""endIndexInSegment"": -1, ""startIndexInSegment"": -1, ""value"": ""Unspecified""}, ""Choice Type"": {""endIndexInSegment"": -1, ""startIndexInSegment"": -1, ""value"": ""Unspecified""}, ""Identifiability"": {""endIndexInSegment"": -1, ""startIndexInSegment"": -1, ""value"": ""Unspecified""}, ""Does/Does Not"": {""endIndexInSegment"": 256, ""startIndexInSegment"": 0, ""selectedText"": ""We reserve the right to share information in order to investigate, prevent, or take action regarding illegal activities, suspected fraud, violations of the Geekdo Terms of Service, situations involving potential threats to the physical safety of any person"", ""value"": ""Does""}, ""User Type"": {""endIndexInSegment"": -1, ""startIndexInSegment"": -1, ""value"": ""Unspecified""}, ""Action Third Party"": {""endIndexInSegment"": 256, ""startIndexInSegment"": 0, ""selectedText"": ""We reserve the right to share information in order to investigate, prevent, or take action regarding illegal activities, suspected fraud, violations of the Geekdo Terms of Service, situations involving potential threats to the physical safety of any person"", ""value"": ""Receive/Shared with""}}",Not specified,https://boardgamegeek.com/privacy
6402,test_category_labeling_highlight,82,3719,9,Third Party Sharing/Collection,"{""Third Party Entity"": {""endIndexInSegment"": -1, ""startIndexInSegment"": -1, ""value"": ""Unspecified""}, ""Choice Scope"": {""endIndexInSegment"": -1, ""startIndexInSegment"": -1, ""value"": ""Unspecified""}, ""Purpose"": {""endIndexInSegment"": 290, ""startIndexInSegment"": 54, ""selectedText"": ""investigate, prevent, or take action regarding illegal activities, suspected fraud, violations of the Geekdo Terms of Service, situations involving potential threats to the physical safety of any person, or as otherwise required by law."", ""value"": ""Legal requirement""}, ""Personal Information Type"": {""endIndexInSegment"": -1, ""startIndexInSegment"": -1, ""value"": ""Unspecified""}, ""Choice Type"": {""endIndexInSegment"": -1, ""startIndexInSegment"": -1, ""value"": ""Unspecified""}, ""Identifiability"": {""endIndexInSegment"": -1, ""startIndexInSegment"": -1, ""value"": ""Unspecified""}, ""Does/Does Not"": {""endIndexInSegment"": -1, ""startIndexInSegment"": -1, ""value"": ""Does""}, ""User Type"": {""endIndexInSegment"": -1, ""startIndexInSegment"": -1, ""value"": ""Unspecified""}, ""Action Third Party"": {""endIndexInSegment"": 41, ""startIndexInSegment"": 24, ""selectedText"": ""share information"", ""value"": ""Receive/Shared with""}}",Not specified,https://boardgamegeek.com/privacy
6403,test_category_labeling_highlight,82,3719,9,Third Party Sharing/Collection,"{""Third Party Entity"": {""endIndexInSegment"": -1, ""startIndexInSegment"": -1, ""value"": ""Unspecified""}, ""Choice Scope"": {""endIndexInSegment"": -1, ""startIndexInSegment"": -1, ""value"": ""Unspecified""}, ""Purpose"": {""endIndexInSegment"": 289, ""startIndexInSegment"": 55, ""selectedText"": ""nvestigate, prevent, or take action regarding illegal activities, suspected fraud, violations of the Geekdo Terms of Service, situations involving potential threats to the physical safety of any person, or as otherwise required by law"", ""value"": ""Service operation and security""}, ""Personal Information Type"": {""endIndexInSegment"": -1, ""startIndexInSegment"": -1, ""value"": ""Unspecified""}, ""Choice Type"": {""endIndexInSegment"": -1, ""startIndexInSegment"": -1, ""value"": ""Unspecified""}, ""Identifiability"": {""endIndexInSegment"": -1, ""startIndexInSegment"": -1, ""value"": ""Unspecified""}, ""Does/Does Not"": {""endIndexInSegment"": -1, ""startIndexInSegment"": -1, ""value"": ""Does""}, ""User Type"": {""endIndexInSegment"": -1, ""startIndexInSegment"": -1, ""value"": ""Unspecified""}, ""Action Third Party"": {""endIndexInSegment"": 41, ""startIndexInSegment"": 24, ""selectedText"": ""share information"", ""value"": ""Receive/Shared with""}}",Not specified,https://boardgamegeek.com/privacy
