C1629,test_category_labeling_highlight_fordham_aaaa,121,3823,0,Other,"{""Other Type"": {""endIndexInSegment"": 465, ""startIndexInSegment"": 25, ""selectedText"": ""Liquor.com Holdings, Inc. (\""Liquor.com\"") takes very seriously the private nature of your personal information. It is the goal of Liquor.com to bring you information that is relevant and targeted to your individual needs and, at the same time, protect your privacy. This Privacy Policy describes how we treat the information we collect when you visit our Web site and/or register for our email publication. Please read this notice carefully."", ""value"": ""Introductory/Generic""}}",Not specified,http://liquor.com/privacy-policy/
10222,test_category_labeling_highlight_fordham_aaaa,121,3823,1,First Party Collection/Use,"{""Collection Mode"": {""endIndexInSegment"": 383, ""startIndexInSegment"": 374, ""selectedText"": ""expressly"", ""value"": ""Explicit""}, ""Choice Scope"": {""endIndexInSegment"": -1, ""startIndexInSegment"": -1, ""value"": ""not-selected""}, ""Action First-Party"": {""endIndexInSegment"": 222, ""startIndexInSegment"": 208, ""selectedText"": ""we may request"", ""value"": ""Other""}, ""Personal Information Type"": {""endIndexInSegment"": 297, ""startIndexInSegment"": 262, ""selectedText"": ""name, zip code and telephone number"", ""value"": ""Contact""}, ""Choice Type"": {""endIndexInSegment"": -1, ""startIndexInSegment"": -1, ""value"": ""not-selected""}, ""Identifiability"": {""endIndexInSegment"": -1, ""startIndexInSegment"": -1, ""value"": ""not-selected""}, ""Does/Does Not"": {""endIndexInSegment"": -1, ""startIndexInSegment"": -1, ""value"": ""Does""}, ""User Type"": {""endIndexInSegment"": -1, ""startIndexInSegment"": -1, ""value"": ""not-selected""}, ""Purpose"": {""endIndexInSegment"": 206, ""startIndexInSegment"": 138, ""selectedText"": ""additional services as well as more interesting and relevant content"", ""value"": ""Additional service/feature""}}",Not specified,http://liquor.com/privacy-policy/
10223,test_category_labeling_highlight_fordham_aaaa,121,3823,1,First Party Collection/Use,"{""Collection Mode"": {""endIndexInSegment"": 383, ""startIndexInSegment"": 374, ""selectedText"": ""expressly"", ""value"": ""Explicit""}, ""Choice Scope"": {""endIndexInSegment"": -1, ""startIndexInSegment"": -1, ""value"": ""not-selected""}, ""Action First-Party"": {""endIndexInSegment"": 222, ""startIndexInSegment"": 208, ""selectedText"": ""we may request"", ""value"": ""Other""}, ""Personal Information Type"": {""endIndexInSegment"": 104, ""startIndexInSegment"": 90, ""selectedText"": ""e-mail address"", ""value"": ""Contact""}, ""Choice Type"": {""endIndexInSegment"": -1, ""startIndexInSegment"": -1, ""value"": ""not-selected""}, ""Identifiability"": {""endIndexInSegment"": -1, ""startIndexInSegment"": -1, ""value"": ""not-selected""}, ""Does/Does Not"": {""endIndexInSegment"": -1, ""startIndexInSegment"": -1, ""value"": ""Does""}, ""User Type"": {""endIndexInSegment"": -1, ""startIndexInSegment"": -1, ""value"": ""not-selected""}, ""Purpose"": {""endIndexInSegment"": 75, ""startIndexInSegment"": 31, ""selectedText"": ""In order to distribute our email publication"", ""value"": ""Marketing""}}",Not specified,http://liquor.com/privacy-policy/
10224,test_category_labeling_highlight_fordham_aaaa,121,3823,1,First Party Collection/Use,"{""Collection Mode"": {""endIndexInSegment"": 383, ""startIndexInSegment"": 374, ""selectedText"": ""expressly"", ""value"": ""Explicit""}, ""Choice Scope"": {""endIndexInSegment"": -1, ""startIndexInSegment"": -1, ""value"": ""not-selected""}, ""Action First-Party"": {""endIndexInSegment"": 222, ""startIndexInSegment"": 208, ""selectedText"": ""we may request"", ""value"": ""Other""}, ""Personal Information Type"": {""endIndexInSegment"": 104, ""startIndexInSegment"": 90, ""selectedText"": ""e-mail address"", ""value"": ""Contact""}, ""Choice Type"": {""endIndexInSegment"": -1, ""startIndexInSegment"": -1, ""value"": ""not-selected""}, ""Identifiability"": {""endIndexInSegment"": -1, ""startIndexInSegment"": -1, ""value"": ""not-selected""}, ""Does/Does Not"": {""endIndexInSegment"": -1, ""startIndexInSegment"": -1, ""value"": ""Does""}, ""User Type"": {""endIndexInSegment"": -1, ""startIndexInSegment"": -1, ""value"": ""not-selected""}, ""Purpose"": {""endIndexInSegment"": 206, ""startIndexInSegment"": 169, ""selectedText"": ""more interesting and relevant content"", ""value"": ""Personalization/Customization""}}",Not specified,http://liquor.com/privacy-policy/
12744,test_category_labeling_highlight_fordham_cccc,117,3823,1,Third Party Sharing/Collection,"{""Third Party Entity"": {""endIndexInSegment"": 466, ""startIndexInSegment"": 451, ""selectedText"": ""ANY THIRD PARTY"", ""value"": ""Unnamed third party""}, ""Choice Scope"": {""endIndexInSegment"": -1, ""startIndexInSegment"": -1, ""value"": ""not-selected""}, ""Purpose"": {""endIndexInSegment"": 568, ""startIndexInSegment"": 489, ""selectedText"": ""EXCEPT TO A THIRD PARTY AS REQUIRED TO HELP US DISTRIBUTE OUR EMAIL PUBLICATION"", ""value"": ""Basic service/feature""}, ""Personal Information Type"": {""endIndexInSegment"": 104, ""startIndexInSegment"": 90, ""selectedText"": ""e-mail address"", ""value"": ""Contact""}, ""Choice Type"": {""endIndexInSegment"": 487, ""startIndexInSegment"": 480, ""selectedText"": ""CONSENT"", ""value"": ""Opt-in""}, ""Identifiability"": {""endIndexInSegment"": -1, ""startIndexInSegment"": -1, ""value"": ""not-selected""}, ""Does/Does Not"": {""endIndexInSegment"": 412, ""startIndexInSegment"": 404, ""selectedText"": ""WILL NOT"", ""value"": ""Does Not""}, ""User Type"": {""endIndexInSegment"": -1, ""startIndexInSegment"": -1, ""value"": ""not-selected""}, ""Action Third Party"": {""endIndexInSegment"": 421, ""startIndexInSegment"": 413, ""selectedText"": ""DISCLOSE"", ""value"": ""Receive/Shared with""}}",Not specified,http://liquor.com/privacy-policy/
11077,test_category_labeling_highlight_fordham_dddd,118,3823,1,First Party Collection/Use,"{""Collection Mode"": {""endIndexInSegment"": 104, ""startIndexInSegment"": 90, ""selectedText"": ""e-mail address"", ""value"": ""Explicit""}, ""Choice Scope"": {""endIndexInSegment"": 104, ""startIndexInSegment"": 77, ""selectedText"": ""we need your e-mail address"", ""value"": ""Collection""}, ""Action First-Party"": {""endIndexInSegment"": 84, ""startIndexInSegment"": 80, ""selectedText"": ""need"", ""value"": ""Unspecified""}, ""Personal Information Type"": {""endIndexInSegment"": 104, ""startIndexInSegment"": 90, ""selectedText"": ""e-mail address"", ""value"": ""Contact""}, ""Choice Type"": {""endIndexInSegment"": 84, ""startIndexInSegment"": 77, ""selectedText"": ""we need"", ""value"": ""Unspecified""}, ""Identifiability"": {""endIndexInSegment"": -1, ""startIndexInSegment"": -1, ""value"": ""Unspecified""}, ""Does/Does Not"": {""endIndexInSegment"": -1, ""startIndexInSegment"": -1, ""value"": ""Does""}, ""User Type"": {""endIndexInSegment"": -1, ""startIndexInSegment"": -1, ""value"": ""Unspecified""}, ""Purpose"": {""endIndexInSegment"": 75, ""startIndexInSegment"": 31, ""selectedText"": ""In order to distribute our email publication"", ""value"": ""Other""}}",Not specified,http://liquor.com/privacy-policy/
11081,test_category_labeling_highlight_fordham_dddd,118,3823,1,First Party Collection/Use,"{""Collection Mode"": {""endIndexInSegment"": -1, ""startIndexInSegment"": -1, ""value"": ""not-selected""}, ""Choice Scope"": {""endIndexInSegment"": 245, ""startIndexInSegment"": 215, ""selectedText"": ""request additional information"", ""value"": ""Collection""}, ""Action First-Party"": {""endIndexInSegment"": 222, ""startIndexInSegment"": 215, ""selectedText"": ""request"", ""value"": ""Other""}, ""Personal Information Type"": {""endIndexInSegment"": 245, ""startIndexInSegment"": 223, ""selectedText"": ""additional information"", ""value"": ""Unspecified""}, ""Choice Type"": {""endIndexInSegment"": 222, ""startIndexInSegment"": 215, ""selectedText"": ""request"", ""value"": ""Opt-in""}, ""Identifiability"": {""endIndexInSegment"": -1, ""startIndexInSegment"": -1, ""value"": ""Unspecified""}, ""Does/Does Not"": {""endIndexInSegment"": -1, ""startIndexInSegment"": -1, ""value"": ""Does""}, ""User Type"": {""endIndexInSegment"": -1, ""startIndexInSegment"": -1, ""value"": ""Unspecified""}, ""Purpose"": {""endIndexInSegment"": 207, ""startIndexInSegment"": 106, ""selectedText"": ""So that we may provide you with additional services as well as more interesting and relevant content,"", ""value"": ""Additional service/feature""}}",Not specified,http://liquor.com/privacy-policy/
11082,test_category_labeling_highlight_fordham_dddd,118,3823,1,First Party Collection/Use,"{""Collection Mode"": {""endIndexInSegment"": -1, ""startIndexInSegment"": -1, ""value"": ""not-selected""}, ""Choice Scope"": {""endIndexInSegment"": 245, ""startIndexInSegment"": 215, ""selectedText"": ""request additional information"", ""value"": ""Collection""}, ""Action First-Party"": {""endIndexInSegment"": 222, ""startIndexInSegment"": 215, ""selectedText"": ""request"", ""value"": ""Other""}, ""Personal Information Type"": {""endIndexInSegment"": 298, ""startIndexInSegment"": 262, ""selectedText"": ""name, zip code and telephone number."", ""value"": ""Contact""}, ""Choice Type"": {""endIndexInSegment"": 222, ""startIndexInSegment"": 215, ""selectedText"": ""request"", ""value"": ""Opt-in""}, ""Identifiability"": {""endIndexInSegment"": -1, ""startIndexInSegment"": -1, ""value"": ""Unspecified""}, ""Does/Does Not"": {""endIndexInSegment"": -1, ""startIndexInSegment"": -1, ""value"": ""Does""}, ""User Type"": {""endIndexInSegment"": -1, ""startIndexInSegment"": -1, ""value"": ""Unspecified""}, ""Purpose"": {""endIndexInSegment"": 207, ""startIndexInSegment"": 106, ""selectedText"": ""So that we may provide you with additional services as well as more interesting and relevant content,"", ""value"": ""Additional service/feature""}}",Not specified,http://liquor.com/privacy-policy/
11091,test_category_labeling_highlight_fordham_dddd,118,3823,1,First Party Collection/Use,"{""Collection Mode"": {""endIndexInSegment"": 391, ""startIndexInSegment"": 367, ""selectedText"": ""do not expressly provide"", ""value"": ""Implicit""}, ""Choice Scope"": {""endIndexInSegment"": 326, ""startIndexInSegment"": 319, ""selectedText"": ""collect"", ""value"": ""Collection""}, ""Action First-Party"": {""endIndexInSegment"": 326, ""startIndexInSegment"": 299, ""selectedText"": ""Liquor.com does not collect"", ""value"": ""Collect on website""}, ""Personal Information Type"": {""endIndexInSegment"": 357, ""startIndexInSegment"": 337, ""selectedText"": ""personal information"", ""value"": ""Generic personal information""}, ""Choice Type"": {""endIndexInSegment"": 391, ""startIndexInSegment"": 374, ""selectedText"": ""expressly provide"", ""value"": ""Opt-in""}, ""Identifiability"": {""endIndexInSegment"": -1, ""startIndexInSegment"": -1, ""value"": ""Unspecified""}, ""Does/Does Not"": {""endIndexInSegment"": 318, ""startIndexInSegment"": 310, ""selectedText"": ""does not"", ""value"": ""Does Not""}, ""User Type"": {""endIndexInSegment"": 366, ""startIndexInSegment"": 363, ""selectedText"": ""you"", ""value"": ""Unspecified""}, ""Purpose"": {""endIndexInSegment"": 391, ""startIndexInSegment"": 384, ""selectedText"": ""provide"", ""value"": ""Unspecified""}}",Not specified,http://liquor.com/privacy-policy/
11098,test_category_labeling_highlight_fordham_dddd,118,3823,1,Third Party Sharing/Collection,"{""Third Party Entity"": {""endIndexInSegment"": 466, ""startIndexInSegment"": 451, ""selectedText"": ""ANY THIRD PARTY"", ""value"": ""Unnamed third party""}, ""Choice Scope"": {""endIndexInSegment"": 447, ""startIndexInSegment"": 413, ""selectedText"": ""DISCLOSE YOUR PERSONAL INFORMATION"", ""value"": ""Collection""}, ""Purpose"": {""endIndexInSegment"": 421, ""startIndexInSegment"": 413, ""selectedText"": ""DISCLOSE"", ""value"": ""Unspecified""}, ""Personal Information Type"": {""endIndexInSegment"": 20, ""startIndexInSegment"": 0, ""selectedText"": ""PERSONAL INFORMATION"", ""value"": ""Generic personal information""}, ""Choice Type"": {""endIndexInSegment"": 487, ""startIndexInSegment"": 475, ""selectedText"": ""YOUR CONSENT"", ""value"": ""Opt-in""}, ""Identifiability"": {""endIndexInSegment"": -1, ""startIndexInSegment"": -1, ""value"": ""Unspecified""}, ""Does/Does Not"": {""endIndexInSegment"": 412, ""startIndexInSegment"": 404, ""selectedText"": ""WILL NOT"", ""value"": ""Does Not""}, ""User Type"": {""endIndexInSegment"": -1, ""startIndexInSegment"": -1, ""value"": ""Unspecified""}, ""Action Third Party"": {""endIndexInSegment"": 421, ""startIndexInSegment"": 413, ""selectedText"": ""DISCLOSE"", ""value"": ""Receive/Shared with""}}",Not specified,http://liquor.com/privacy-policy/
11099,test_category_labeling_highlight_fordham_dddd,118,3823,1,Third Party Sharing/Collection,"{""Third Party Entity"": {""endIndexInSegment"": 512, ""startIndexInSegment"": 499, ""selectedText"": ""A THIRD PARTY"", ""value"": ""Unnamed third party""}, ""Choice Scope"": {""endIndexInSegment"": 546, ""startIndexInSegment"": 413, ""selectedText"": ""DISCLOSE YOUR PERSONAL INFORMATION TO ANY THIRD PARTY WITHOUT YOUR CONSENT, EXCEPT TO A THIRD PARTY AS REQUIRED TO HELP US DISTRIBUTE"", ""value"": ""Both""}, ""Purpose"": {""endIndexInSegment"": 569, ""startIndexInSegment"": 525, ""selectedText"": ""TO HELP US DISTRIBUTE OUR EMAIL PUBLICATION."", ""value"": ""Other""}, ""Personal Information Type"": {""endIndexInSegment"": 556, ""startIndexInSegment"": 551, ""selectedText"": ""EMAIL"", ""value"": ""Contact""}, ""Choice Type"": {""endIndexInSegment"": 487, ""startIndexInSegment"": 467, ""selectedText"": ""WITHOUT YOUR CONSENT"", ""value"": ""Other""}, ""Identifiability"": {""endIndexInSegment"": -1, ""startIndexInSegment"": -1, ""value"": ""Unspecified""}, ""Does/Does Not"": {""endIndexInSegment"": 495, ""startIndexInSegment"": 489, ""selectedText"": ""EXCEPT"", ""value"": ""Does""}, ""User Type"": {""endIndexInSegment"": -1, ""startIndexInSegment"": -1, ""value"": ""Unspecified""}, ""Action Third Party"": {""endIndexInSegment"": 421, ""startIndexInSegment"": 413, ""selectedText"": ""DISCLOSE"", ""value"": ""Receive/Shared with""}}",Not specified,http://liquor.com/privacy-policy/
10225,test_category_labeling_highlight_fordham_aaaa,121,3823,2,First Party Collection/Use,"{""Collection Mode"": {""endIndexInSegment"": -1, ""startIndexInSegment"": -1, ""value"": ""not-selected""}, ""Choice Scope"": {""endIndexInSegment"": -1, ""startIndexInSegment"": -1, ""value"": ""not-selected""}, ""Action First-Party"": {""endIndexInSegment"": 54, ""startIndexInSegment"": 35, ""selectedText"": ""We may also request"", ""value"": ""Unspecified""}, ""Personal Information Type"": {""endIndexInSegment"": 226, ""startIndexInSegment"": 55, ""selectedText"": ""non-personally identifiable information, for example, annual income, buying preferences, and age. This information, also known as demographic and profile data, is optional"", ""value"": ""Demographic""}, ""Choice Type"": {""endIndexInSegment"": -1, ""startIndexInSegment"": -1, ""value"": ""not-selected""}, ""Identifiability"": {""endIndexInSegment"": 828, ""startIndexInSegment"": 807, ""selectedText"": ""aggregated, anonymous"", ""value"": ""Aggregated or anonymized""}, ""Does/Does Not"": {""endIndexInSegment"": -1, ""startIndexInSegment"": -1, ""value"": ""Does""}, ""User Type"": {""endIndexInSegment"": -1, ""startIndexInSegment"": -1, ""value"": ""not-selected""}, ""Purpose"": {""endIndexInSegment"": 268, ""startIndexInSegment"": 228, ""selectedText"": ""We may use this data to improve our site"", ""value"": ""Analytics/Research""}}",Not specified,http://liquor.com/privacy-policy/
10226,test_category_labeling_highlight_fordham_aaaa,121,3823,2,First Party Collection/Use,"{""Collection Mode"": {""endIndexInSegment"": -1, ""startIndexInSegment"": -1, ""value"": ""not-selected""}, ""Choice Scope"": {""endIndexInSegment"": -1, ""startIndexInSegment"": -1, ""value"": ""not-selected""}, ""Action First-Party"": {""endIndexInSegment"": 54, ""startIndexInSegment"": 35, ""selectedText"": ""We may also request"", ""value"": ""Unspecified""}, ""Personal Information Type"": {""endIndexInSegment"": 226, ""startIndexInSegment"": 55, ""selectedText"": ""non-personally identifiable information, for example, annual income, buying preferences, and age. This information, also known as demographic and profile data, is optional"", ""value"": ""Demographic""}, ""Choice Type"": {""endIndexInSegment"": -1, ""startIndexInSegment"": -1, ""value"": ""not-selected""}, ""Identifiability"": {""endIndexInSegment"": 828, ""startIndexInSegment"": 807, ""selectedText"": ""aggregated, anonymous"", ""value"": ""Aggregated or anonymized""}, ""Does/Does Not"": {""endIndexInSegment"": -1, ""startIndexInSegment"": -1, ""value"": ""Does""}, ""User Type"": {""endIndexInSegment"": -1, ""startIndexInSegment"": -1, ""value"": ""not-selected""}, ""Purpose"": {""endIndexInSegment"": 430, ""startIndexInSegment"": 269, ""selectedText"": ""and/or personalize your experience at our site, in order to bring you more targeted and relevant content and to display such content according to your preference"", ""value"": ""Personalization/Customization""}}",Not specified,http://liquor.com/privacy-policy/
10227,test_category_labeling_highlight_fordham_aaaa,121,3823,2,Third Party Sharing/Collection,"{""Third Party Entity"": {""endIndexInSegment"": 483, ""startIndexInSegment"": 476, ""selectedText"": ""such as"", ""value"": ""Other""}, ""Choice Scope"": {""endIndexInSegment"": -1, ""startIndexInSegment"": -1, ""value"": ""not-selected""}, ""Purpose"": {""endIndexInSegment"": 917, ""startIndexInSegment"": 895, ""selectedText"": ""analyzing usage trends"", ""value"": ""Analytics/Research""}, ""Personal Information Type"": {""endIndexInSegment"": 462, ""startIndexInSegment"": 451, ""selectedText"": ""information"", ""value"": ""Demographic""}, ""Choice Type"": {""endIndexInSegment"": -1, ""startIndexInSegment"": -1, ""value"": ""not-selected""}, ""Identifiability"": {""endIndexInSegment"": 647, ""startIndexInSegment"": 622, ""selectedText"": ""aggregate, anonymous form"", ""value"": ""Aggregated or anonymized""}, ""Does/Does Not"": {""endIndexInSegment"": -1, ""startIndexInSegment"": -1, ""value"": ""Does""}, ""User Type"": {""endIndexInSegment"": -1, ""startIndexInSegment"": -1, ""value"": ""not-selected""}, ""Action Third Party"": {""endIndexInSegment"": 445, ""startIndexInSegment"": 433, ""selectedText"": ""We may share"", ""value"": ""Receive/Shared with""}}",Not specified,http://liquor.com/privacy-policy/
10228,test_category_labeling_highlight_fordham_aaaa,121,3823,2,Third Party Sharing/Collection,"{""Third Party Entity"": {""endIndexInSegment"": 495, ""startIndexInSegment"": 484, ""selectedText"": ""advertisers"", ""value"": ""Named third party""}, ""Choice Scope"": {""endIndexInSegment"": -1, ""startIndexInSegment"": -1, ""value"": ""not-selected""}, ""Purpose"": {""endIndexInSegment"": 495, ""startIndexInSegment"": 484, ""selectedText"": ""advertisers"", ""value"": ""Advertising""}, ""Personal Information Type"": {""endIndexInSegment"": 462, ""startIndexInSegment"": 451, ""selectedText"": ""information"", ""value"": ""Demographic""}, ""Choice Type"": {""endIndexInSegment"": -1, ""startIndexInSegment"": -1, ""value"": ""not-selected""}, ""Identifiability"": {""endIndexInSegment"": 647, ""startIndexInSegment"": 622, ""selectedText"": ""aggregate, anonymous form"", ""value"": ""Aggregated or anonymized""}, ""Does/Does Not"": {""endIndexInSegment"": -1, ""startIndexInSegment"": -1, ""value"": ""Does""}, ""User Type"": {""endIndexInSegment"": -1, ""startIndexInSegment"": -1, ""value"": ""not-selected""}, ""Action Third Party"": {""endIndexInSegment"": 445, ""startIndexInSegment"": 433, ""selectedText"": ""We may share"", ""value"": ""Receive/Shared with""}}",Not specified,http://liquor.com/privacy-policy/
12745,test_category_labeling_highlight_fordham_cccc,117,3823,2,First Party Collection/Use,"{""Collection Mode"": {""endIndexInSegment"": -1, ""startIndexInSegment"": -1, ""value"": ""not-selected""}, ""Choice Scope"": {""endIndexInSegment"": -1, ""startIndexInSegment"": -1, ""value"": ""not-selected""}, ""Action First-Party"": {""endIndexInSegment"": 54, ""startIndexInSegment"": 35, ""selectedText"": ""We may also request"", ""value"": ""Collect on website""}, ""Personal Information Type"": {""endIndexInSegment"": 213, ""startIndexInSegment"": 109, ""selectedText"": ""annual income, buying preferences, and age. This information, also known as demographic and profile data"", ""value"": ""Demographic""}, ""Choice Type"": {""endIndexInSegment"": 226, ""startIndexInSegment"": 218, ""selectedText"": ""optional"", ""value"": ""Opt-in""}, ""Identifiability"": {""endIndexInSegment"": 642, ""startIndexInSegment"": 622, ""selectedText"": ""aggregate, anonymous"", ""value"": ""Aggregated or anonymized""}, ""Does/Does Not"": {""endIndexInSegment"": -1, ""startIndexInSegment"": -1, ""value"": ""Does""}, ""User Type"": {""endIndexInSegment"": -1, ""startIndexInSegment"": -1, ""value"": ""not-selected""}, ""Purpose"": {""endIndexInSegment"": 431, ""startIndexInSegment"": 253, ""selectedText"": ""mprove our site and/or personalize your experience at our site, in order to bring you more targeted and relevant content and to display such content according to your preferences"", ""value"": ""Personalization/Customization""}}",Not specified,http://liquor.com/privacy-policy/
11100,test_category_labeling_highlight_fordham_dddd,118,3823,2,First Party Collection/Use,"{""Collection Mode"": {""endIndexInSegment"": 54, ""startIndexInSegment"": 47, ""selectedText"": ""request"", ""value"": ""Explicit""}, ""Choice Scope"": {""endIndexInSegment"": 94, ""startIndexInSegment"": 47, ""selectedText"": ""request non-personally identifiable information"", ""value"": ""Collection""}, ""Action First-Party"": {""endIndexInSegment"": 54, ""startIndexInSegment"": 35, ""selectedText"": ""We may also request"", ""value"": ""Unspecified""}, ""Personal Information Type"": {""endIndexInSegment"": 196, ""startIndexInSegment"": 185, ""selectedText"": ""demographic"", ""value"": ""Demographic""}, ""Choice Type"": {""endIndexInSegment"": 54, ""startIndexInSegment"": 47, ""selectedText"": ""request"", ""value"": ""Opt-in""}, ""Identifiability"": {""endIndexInSegment"": 82, ""startIndexInSegment"": 55, ""selectedText"": ""non-personally identifiable"", ""value"": ""Aggregated or anonymized""}, ""Does/Does Not"": {""endIndexInSegment"": -1, ""startIndexInSegment"": -1, ""value"": ""Does""}, ""User Type"": {""endIndexInSegment"": -1, ""startIndexInSegment"": -1, ""value"": ""Unspecified""}, ""Purpose"": {""endIndexInSegment"": 268, ""startIndexInSegment"": 249, ""selectedText"": ""to improve our site"", ""value"": ""Other""}}",Not specified,http://liquor.com/privacy-policy/
11101,test_category_labeling_highlight_fordham_dddd,118,3823,2,First Party Collection/Use,"{""Collection Mode"": {""endIndexInSegment"": 54, ""startIndexInSegment"": 47, ""selectedText"": ""request"", ""value"": ""Explicit""}, ""Choice Scope"": {""endIndexInSegment"": 94, ""startIndexInSegment"": 47, ""selectedText"": ""request non-personally identifiable information"", ""value"": ""Collection""}, ""Action First-Party"": {""endIndexInSegment"": 54, ""startIndexInSegment"": 35, ""selectedText"": ""We may also request"", ""value"": ""Unspecified""}, ""Personal Information Type"": {""endIndexInSegment"": 213, ""startIndexInSegment"": 201, ""selectedText"": ""profile data"", ""value"": ""User profile""}, ""Choice Type"": {""endIndexInSegment"": 54, ""startIndexInSegment"": 47, ""selectedText"": ""request"", ""value"": ""Opt-in""}, ""Identifiability"": {""endIndexInSegment"": 82, ""startIndexInSegment"": 55, ""selectedText"": ""non-personally identifiable"", ""value"": ""Aggregated or anonymized""}, ""Does/Does Not"": {""endIndexInSegment"": -1, ""startIndexInSegment"": -1, ""value"": ""Does""}, ""User Type"": {""endIndexInSegment"": -1, ""startIndexInSegment"": -1, ""value"": ""Unspecified""}, ""Purpose"": {""endIndexInSegment"": 287, ""startIndexInSegment"": 276, ""selectedText"": ""personalize"", ""value"": ""Personalization/Customization""}}",Not specified,http://liquor.com/privacy-policy/
11102,test_category_labeling_highlight_fordham_dddd,118,3823,2,First Party Collection/Use,"{""Collection Mode"": {""endIndexInSegment"": 54, ""startIndexInSegment"": 47, ""selectedText"": ""request"", ""value"": ""Explicit""}, ""Choice Scope"": {""endIndexInSegment"": 94, ""startIndexInSegment"": 47, ""selectedText"": ""request non-personally identifiable information"", ""value"": ""Collection""}, ""Action First-Party"": {""endIndexInSegment"": 54, ""startIndexInSegment"": 35, ""selectedText"": ""We may also request"", ""value"": ""Unspecified""}, ""Personal Information Type"": {""endIndexInSegment"": 196, ""startIndexInSegment"": 185, ""selectedText"": ""demographic"", ""value"": ""Demographic""}, ""Choice Type"": {""endIndexInSegment"": 54, ""startIndexInSegment"": 47, ""selectedText"": ""request"", ""value"": ""Opt-in""}, ""Identifiability"": {""endIndexInSegment"": 82, ""startIndexInSegment"": 55, ""selectedText"": ""non-personally identifiable"", ""value"": ""Aggregated or anonymized""}, ""Does/Does Not"": {""endIndexInSegment"": -1, ""startIndexInSegment"": -1, ""value"": ""Does""}, ""User Type"": {""endIndexInSegment"": -1, ""startIndexInSegment"": -1, ""value"": ""Unspecified""}, ""Purpose"": {""endIndexInSegment"": 287, ""startIndexInSegment"": 276, ""selectedText"": ""personalize"", ""value"": ""Personalization/Customization""}}",Not specified,http://liquor.com/privacy-policy/
11103,test_category_labeling_highlight_fordham_dddd,118,3823,2,First Party Collection/Use,"{""Collection Mode"": {""endIndexInSegment"": 54, ""startIndexInSegment"": 47, ""selectedText"": ""request"", ""value"": ""Explicit""}, ""Choice Scope"": {""endIndexInSegment"": 94, ""startIndexInSegment"": 47, ""selectedText"": ""request non-personally identifiable information"", ""value"": ""Collection""}, ""Action First-Party"": {""endIndexInSegment"": 54, ""startIndexInSegment"": 35, ""selectedText"": ""We may also request"", ""value"": ""Unspecified""}, ""Personal Information Type"": {""endIndexInSegment"": 213, ""startIndexInSegment"": 201, ""selectedText"": ""profile data"", ""value"": ""User profile""}, ""Choice Type"": {""endIndexInSegment"": 54, ""startIndexInSegment"": 47, ""selectedText"": ""request"", ""value"": ""Opt-in""}, ""Identifiability"": {""endIndexInSegment"": 82, ""startIndexInSegment"": 55, ""selectedText"": ""non-personally identifiable"", ""value"": ""Aggregated or anonymized""}, ""Does/Does Not"": {""endIndexInSegment"": -1, ""startIndexInSegment"": -1, ""value"": ""Does""}, ""User Type"": {""endIndexInSegment"": -1, ""startIndexInSegment"": -1, ""value"": ""Unspecified""}, ""Purpose"": {""endIndexInSegment"": 268, ""startIndexInSegment"": 249, ""selectedText"": ""to improve our site"", ""value"": ""Other""}}",Not specified,http://liquor.com/privacy-policy/
11104,test_category_labeling_highlight_fordham_dddd,118,3823,2,Third Party Sharing/Collection,"{""Third Party Entity"": {""endIndexInSegment"": 474, ""startIndexInSegment"": 468, ""selectedText"": ""others"", ""value"": ""Unnamed third party""}, ""Choice Scope"": {""endIndexInSegment"": 474, ""startIndexInSegment"": 440, ""selectedText"": ""share this information with others"", ""value"": ""Collection""}, ""Purpose"": {""endIndexInSegment"": 462, ""startIndexInSegment"": 440, ""selectedText"": ""share this information"", ""value"": ""Unspecified""}, ""Personal Information Type"": {""endIndexInSegment"": 196, ""startIndexInSegment"": 185, ""selectedText"": ""demographic"", ""value"": ""Demographic""}, ""Choice Type"": {""endIndexInSegment"": 41, ""startIndexInSegment"": 35, ""selectedText"": ""We may"", ""value"": ""Unspecified""}, ""Identifiability"": {""endIndexInSegment"": 647, ""startIndexInSegment"": 623, ""selectedText"": ""ggregate, anonymous form"", ""value"": ""Aggregated or anonymized""}, ""Does/Does Not"": {""endIndexInSegment"": -1, ""startIndexInSegment"": -1, ""value"": ""Does""}, ""User Type"": {""endIndexInSegment"": -1, ""startIndexInSegment"": -1, ""value"": ""Unspecified""}, ""Action Third Party"": {""endIndexInSegment"": 445, ""startIndexInSegment"": 440, ""selectedText"": ""share"", ""value"": ""Receive/Shared with""}}",Not specified,http://liquor.com/privacy-policy/
11105,test_category_labeling_highlight_fordham_dddd,118,3823,2,Third Party Sharing/Collection,"{""Third Party Entity"": {""endIndexInSegment"": 474, ""startIndexInSegment"": 468, ""selectedText"": ""others"", ""value"": ""Unnamed third party""}, ""Choice Scope"": {""endIndexInSegment"": 474, ""startIndexInSegment"": 440, ""selectedText"": ""share this information with others"", ""value"": ""Collection""}, ""Purpose"": {""endIndexInSegment"": 462, ""startIndexInSegment"": 440, ""selectedText"": ""share this information"", ""value"": ""Unspecified""}, ""Personal Information Type"": {""endIndexInSegment"": 213, ""startIndexInSegment"": 201, ""selectedText"": ""profile data"", ""value"": ""User Profile""}, ""Choice Type"": {""endIndexInSegment"": 41, ""startIndexInSegment"": 35, ""selectedText"": ""We may"", ""value"": ""Unspecified""}, ""Identifiability"": {""endIndexInSegment"": 647, ""startIndexInSegment"": 623, ""selectedText"": ""ggregate, anonymous form"", ""value"": ""Aggregated or anonymized""}, ""Does/Does Not"": {""endIndexInSegment"": -1, ""startIndexInSegment"": -1, ""value"": ""Does""}, ""User Type"": {""endIndexInSegment"": -1, ""startIndexInSegment"": -1, ""value"": ""Unspecified""}, ""Action Third Party"": {""endIndexInSegment"": 445, ""startIndexInSegment"": 440, ""selectedText"": ""share"", ""value"": ""Receive/Shared with""}}",Not specified,http://liquor.com/privacy-policy/
11106,test_category_labeling_highlight_fordham_dddd,118,3823,2,First Party Collection/Use,"{""Collection Mode"": {""endIndexInSegment"": -1, ""startIndexInSegment"": -1, ""value"": ""not-selected""}, ""Choice Scope"": {""endIndexInSegment"": 806, ""startIndexInSegment"": 803, ""selectedText"": ""use"", ""value"": ""Use""}, ""Action First-Party"": {""endIndexInSegment"": 806, ""startIndexInSegment"": 779, ""selectedText"": ""we reserve the right to use"", ""value"": ""Other""}, ""Personal Information Type"": {""endIndexInSegment"": 833, ""startIndexInSegment"": 829, ""selectedText"": ""data"", ""value"": ""Unspecified""}, ""Choice Type"": {""endIndexInSegment"": 799, ""startIndexInSegment"": 779, ""selectedText"": ""we reserve the right"", ""value"": ""Other""}, ""Identifiability"": {""endIndexInSegment"": 833, ""startIndexInSegment"": 807, ""selectedText"": ""aggregated, anonymous data"", ""value"": ""Aggregated or anonymized""}, ""Does/Does Not"": {""endIndexInSegment"": -1, ""startIndexInSegment"": -1, ""value"": ""Does""}, ""User Type"": {""endIndexInSegment"": 849, ""startIndexInSegment"": 844, ""selectedText"": ""users"", ""value"": ""Unspecified""}, ""Purpose"": {""endIndexInSegment"": 885, ""startIndexInSegment"": 861, ""selectedText"": ""for any business purpose"", ""value"": ""Unspecified""}}",Not specified,http://liquor.com/privacy-policy/
11107,test_category_labeling_highlight_fordham_dddd,118,3823,2,First Party Collection/Use,"{""Collection Mode"": {""endIndexInSegment"": -1, ""startIndexInSegment"": -1, ""value"": ""not-selected""}, ""Choice Scope"": {""endIndexInSegment"": 806, ""startIndexInSegment"": 803, ""selectedText"": ""use"", ""value"": ""Use""}, ""Action First-Party"": {""endIndexInSegment"": 806, ""startIndexInSegment"": 779, ""selectedText"": ""we reserve the right to use"", ""value"": ""Other""}, ""Personal Information Type"": {""endIndexInSegment"": 833, ""startIndexInSegment"": 829, ""selectedText"": ""data"", ""value"": ""Unspecified""}, ""Choice Type"": {""endIndexInSegment"": 799, ""startIndexInSegment"": 779, ""selectedText"": ""we reserve the right"", ""value"": ""Other""}, ""Identifiability"": {""endIndexInSegment"": 833, ""startIndexInSegment"": 807, ""selectedText"": ""aggregated, anonymous data"", ""value"": ""Aggregated or anonymized""}, ""Does/Does Not"": {""endIndexInSegment"": -1, ""startIndexInSegment"": -1, ""value"": ""Does""}, ""User Type"": {""endIndexInSegment"": 849, ""startIndexInSegment"": 844, ""selectedText"": ""users"", ""value"": ""Unspecified""}, ""Purpose"": {""endIndexInSegment"": 917, ""startIndexInSegment"": 895, ""selectedText"": ""analyzing usage trends"", ""value"": ""Analytics/Research""}}",Not specified,http://liquor.com/privacy-policy/
11108,test_category_labeling_highlight_fordham_dddd,118,3823,2,First Party Collection/Use,"{""Collection Mode"": {""endIndexInSegment"": -1, ""startIndexInSegment"": -1, ""value"": ""not-selected""}, ""Choice Scope"": {""endIndexInSegment"": 806, ""startIndexInSegment"": 803, ""selectedText"": ""use"", ""value"": ""Use""}, ""Action First-Party"": {""endIndexInSegment"": 806, ""startIndexInSegment"": 779, ""selectedText"": ""we reserve the right to use"", ""value"": ""Other""}, ""Personal Information Type"": {""endIndexInSegment"": 833, ""startIndexInSegment"": 829, ""selectedText"": ""data"", ""value"": ""Unspecified""}, ""Choice Type"": {""endIndexInSegment"": 799, ""startIndexInSegment"": 779, ""selectedText"": ""we reserve the right"", ""value"": ""Other""}, ""Identifiability"": {""endIndexInSegment"": 833, ""startIndexInSegment"": 807, ""selectedText"": ""aggregated, anonymous data"", ""value"": ""Aggregated or anonymized""}, ""Does/Does Not"": {""endIndexInSegment"": -1, ""startIndexInSegment"": -1, ""value"": ""Does""}, ""User Type"": {""endIndexInSegment"": 849, ""startIndexInSegment"": 844, ""selectedText"": ""users"", ""value"": ""Unspecified""}, ""Purpose"": {""endIndexInSegment"": 966, ""startIndexInSegment"": 922, ""selectedText"": ""seeking compatible advertisers and partners."", ""value"": ""Other""}}",Not specified,http://liquor.com/privacy-policy/
10230,test_category_labeling_highlight_fordham_aaaa,121,3823,3,First Party Collection/Use,"{""Collection Mode"": {""endIndexInSegment"": 495, ""startIndexInSegment"": 376, ""selectedText"": ""how much time users spend on our site, from which other sites subscribers came, and to what other sites subscribers go."", ""value"": ""Implicit""}, ""Choice Scope"": {""endIndexInSegment"": -1, ""startIndexInSegment"": -1, ""value"": ""not-selected""}, ""Action First-Party"": {""endIndexInSegment"": 120, ""startIndexInSegment"": 104, ""selectedText"": ""may also collect"", ""value"": ""Unspecified""}, ""Personal Information Type"": {""endIndexInSegment"": 207, ""startIndexInSegment"": 164, ""selectedText"": ""subscribers' use of our emails and our site"", ""value"": ""User online activities""}, ""Choice Type"": {""endIndexInSegment"": -1, ""startIndexInSegment"": -1, ""value"": ""not-selected""}, ""Identifiability"": {""endIndexInSegment"": 157, ""startIndexInSegment"": 135, ""selectedText"": ""aggregated information"", ""value"": ""Aggregated or anonymized""}, ""Does/Does Not"": {""endIndexInSegment"": -1, ""startIndexInSegment"": -1, ""value"": ""Does""}, ""User Type"": {""endIndexInSegment"": -1, ""startIndexInSegment"": -1, ""value"": ""not-selected""}, ""Purpose"": {""endIndexInSegment"": 331, ""startIndexInSegment"": 279, ""selectedText"": ""to find out how subscribers use our service and site"", ""value"": ""Analytics/Research""}}",Not specified,http://liquor.com/privacy-policy/
12746,test_category_labeling_highlight_fordham_cccc,117,3823,3,First Party Collection/Use,"{""Collection Mode"": {""endIndexInSegment"": -1, ""startIndexInSegment"": -1, ""value"": ""not-selected""}, ""Choice Scope"": {""endIndexInSegment"": -1, ""startIndexInSegment"": -1, ""value"": ""not-selected""}, ""Action First-Party"": {""endIndexInSegment"": 120, ""startIndexInSegment"": 104, ""selectedText"": ""may also collect"", ""value"": ""Collect on website""}, ""Personal Information Type"": {""endIndexInSegment"": 495, ""startIndexInSegment"": 385, ""selectedText"": ""time users spend on our site, from which other sites subscribers came, and to what other sites subscribers go."", ""value"": ""User online activities""}, ""Choice Type"": {""endIndexInSegment"": -1, ""startIndexInSegment"": -1, ""value"": ""not-selected""}, ""Identifiability"": {""endIndexInSegment"": 256, ""startIndexInSegment"": 229, ""selectedText"": ""not personally identifiable"", ""value"": ""Aggregated or anonymized""}, ""Does/Does Not"": {""endIndexInSegment"": -1, ""startIndexInSegment"": -1, ""value"": ""Does""}, ""User Type"": {""endIndexInSegment"": -1, ""startIndexInSegment"": -1, ""value"": ""not-selected""}, ""Purpose"": {""endIndexInSegment"": 332, ""startIndexInSegment"": 291, ""selectedText"": ""how subscribers use our service and site."", ""value"": ""Analytics/Research""}}",Not specified,http://liquor.com/privacy-policy/
11109,test_category_labeling_highlight_fordham_dddd,118,3823,3,First Party Collection/Use,"{""Collection Mode"": {""endIndexInSegment"": 207, ""startIndexInSegment"": 177, ""selectedText"": ""use of our emails and our site"", ""value"": ""Implicit""}, ""Choice Scope"": {""endIndexInSegment"": -1, ""startIndexInSegment"": -1, ""value"": ""Unspecified""}, ""Action First-Party"": {""endIndexInSegment"": 120, ""startIndexInSegment"": 93, ""selectedText"": ""Liquor.com may also collect"", ""value"": ""Collect on website""}, ""Personal Information Type"": {""endIndexInSegment"": 207, ""startIndexInSegment"": 146, ""selectedText"": ""information about subscribers' use of our emails and our site"", ""value"": ""User online activities""}, ""Choice Type"": {""endIndexInSegment"": -1, ""startIndexInSegment"": -1, ""value"": ""Unspecified""}, ""Identifiability"": {""endIndexInSegment"": 145, ""startIndexInSegment"": 135, ""selectedText"": ""aggregated"", ""value"": ""Aggregated or anonymized""}, ""Does/Does Not"": {""endIndexInSegment"": -1, ""startIndexInSegment"": -1, ""value"": ""Does""}, ""User Type"": {""endIndexInSegment"": 175, ""startIndexInSegment"": 164, ""selectedText"": ""subscribers"", ""value"": ""Other""}, ""Purpose"": {""endIndexInSegment"": 331, ""startIndexInSegment"": 261, ""selectedText"": ""will only be used to find out how subscribers use our service and site"", ""value"": ""Analytics/Research""}}",Not specified,http://liquor.com/privacy-policy/
11110,test_category_labeling_highlight_fordham_dddd,118,3823,3,First Party Collection/Use,"{""Collection Mode"": {""endIndexInSegment"": 207, ""startIndexInSegment"": 177, ""selectedText"": ""use of our emails and our site"", ""value"": ""Implicit""}, ""Choice Scope"": {""endIndexInSegment"": -1, ""startIndexInSegment"": -1, ""value"": ""Unspecified""}, ""Action First-Party"": {""endIndexInSegment"": 120, ""startIndexInSegment"": 93, ""selectedText"": ""Liquor.com may also collect"", ""value"": ""Collect on website""}, ""Personal Information Type"": {""endIndexInSegment"": 207, ""startIndexInSegment"": 146, ""selectedText"": ""information about subscribers' use of our emails and our site"", ""value"": ""User online activities""}, ""Choice Type"": {""endIndexInSegment"": -1, ""startIndexInSegment"": -1, ""value"": ""Unspecified""}, ""Identifiability"": {""endIndexInSegment"": 145, ""startIndexInSegment"": 135, ""selectedText"": ""aggregated"", ""value"": ""Aggregated or anonymized""}, ""Does/Does Not"": {""endIndexInSegment"": -1, ""startIndexInSegment"": -1, ""value"": ""Does""}, ""User Type"": {""endIndexInSegment"": 175, ""startIndexInSegment"": 164, ""selectedText"": ""subscribers"", ""value"": ""Other""}, ""Purpose"": {""endIndexInSegment"": 564, ""startIndexInSegment"": 531, ""selectedText"": ""allows us to, among other things,"", ""value"": ""Unspecified""}}",Not specified,http://liquor.com/privacy-policy/
11111,test_category_labeling_highlight_fordham_dddd,118,3823,3,First Party Collection/Use,"{""Collection Mode"": {""endIndexInSegment"": 207, ""startIndexInSegment"": 177, ""selectedText"": ""use of our emails and our site"", ""value"": ""Implicit""}, ""Choice Scope"": {""endIndexInSegment"": -1, ""startIndexInSegment"": -1, ""value"": ""Unspecified""}, ""Action First-Party"": {""endIndexInSegment"": 120, ""startIndexInSegment"": 93, ""selectedText"": ""Liquor.com may also collect"", ""value"": ""Collect on website""}, ""Personal Information Type"": {""endIndexInSegment"": 207, ""startIndexInSegment"": 146, ""selectedText"": ""information about subscribers' use of our emails and our site"", ""value"": ""User online activities""}, ""Choice Type"": {""endIndexInSegment"": -1, ""startIndexInSegment"": -1, ""value"": ""Unspecified""}, ""Identifiability"": {""endIndexInSegment"": 145, ""startIndexInSegment"": 135, ""selectedText"": ""aggregated"", ""value"": ""Aggregated or anonymized""}, ""Does/Does Not"": {""endIndexInSegment"": -1, ""startIndexInSegment"": -1, ""value"": ""Does""}, ""User Type"": {""endIndexInSegment"": 175, ""startIndexInSegment"": 164, ""selectedText"": ""subscribers"", ""value"": ""Other""}, ""Purpose"": {""endIndexInSegment"": 650, ""startIndexInSegment"": 565, ""selectedText"": ""prepare for traffic load demands and to efficiently distribute our email publication."", ""value"": ""Service Operation and Security""}}",Not specified,http://liquor.com/privacy-policy/
C1630,test_category_labeling_highlight_fordham_aaaa,121,3823,4,"User Access, Edit and Deletion","{""Access Type"": {""endIndexInSegment"": 188, ""startIndexInSegment"": 114, ""selectedText"": ""You will have an opportunity to correct, update or modify this information"", ""value"": ""Edit information""}, ""User Type"": {""endIndexInSegment"": -1, ""startIndexInSegment"": -1, ""value"": ""Unspecified""}, ""Access Scope"": {""endIndexInSegment"": 113, ""startIndexInSegment"": 68, ""selectedText"": ""information that we have collected about you."", ""value"": ""Other""}}",Not specified,http://liquor.com/privacy-policy/
10232,test_category_labeling_highlight_fordham_aaaa,121,3823,4,"User Access, Edit and Deletion","{""Access Type"": {""endIndexInSegment"": 113, ""startIndexInSegment"": 28, ""selectedText"": ""You will have the ability to access the information that we have collected about you."", ""value"": ""View""}, ""User Type"": {""endIndexInSegment"": -1, ""startIndexInSegment"": -1, ""value"": ""Unspecified""}, ""Access Scope"": {""endIndexInSegment"": 113, ""startIndexInSegment"": 68, ""selectedText"": ""information that we have collected about you."", ""value"": ""Other""}}",Not specified,http://liquor.com/privacy-policy/
11002,test_category_labeling_highlight_fordham_dddd,118,3823,4,"User Access, Edit and Deletion","{""Access Type"": {""endIndexInSegment"": 171, ""startIndexInSegment"": 146, ""selectedText"": ""correct, update or modify"", ""value"": ""Edit information""}, ""User Type"": {""endIndexInSegment"": -1, ""startIndexInSegment"": -1, ""value"": ""Unspecified""}, ""Access Scope"": {""endIndexInSegment"": 102, ""startIndexInSegment"": 64, ""selectedText"": ""the information that we have collected"", ""value"": ""Unspecified""}}",Not specified,http://liquor.com/privacy-policy/
10234,test_category_labeling_highlight_fordham_aaaa,121,3823,5,User Choice/Control,"{""Choice Type"": {""endIndexInSegment"": 225, ""startIndexInSegment"": 139, ""selectedText"": ""we will provide you with an e-mail address by which you may request no future notices."", ""value"": ""Opt-out via contacting company""}, ""Choice Scope"": {""endIndexInSegment"": 66, ""startIndexInSegment"": 28, ""selectedText"": ""we ever send you information by e-mail"", ""value"": ""First party use""}, ""User Type"": {""endIndexInSegment"": -1, ""startIndexInSegment"": -1, ""value"": ""Unspecified""}, ""Purpose"": {""endIndexInSegment"": 102, ""startIndexInSegment"": 67, ""selectedText"": ""concerning new products or services"", ""value"": ""Marketing""}, ""Personal Information Type"": {""endIndexInSegment"": -1, ""startIndexInSegment"": -1, ""value"": ""Unspecified""}}",Not specified,http://liquor.com/privacy-policy/
12748,test_category_labeling_highlight_fordham_cccc,117,3823,5,User Choice/Control,"{""Choice Type"": {""endIndexInSegment"": 224, ""startIndexInSegment"": 195, ""selectedText"": ""may request no future notices"", ""value"": ""Opt-out link""}, ""Choice Scope"": {""endIndexInSegment"": -1, ""startIndexInSegment"": -1, ""value"": ""Unspecified""}, ""User Type"": {""endIndexInSegment"": -1, ""startIndexInSegment"": -1, ""value"": ""not-selected""}, ""Purpose"": {""endIndexInSegment"": 102, ""startIndexInSegment"": 78, ""selectedText"": ""new products or services"", ""value"": ""Marketing""}, ""Personal Information Type"": {""endIndexInSegment"": 181, ""startIndexInSegment"": 167, ""selectedText"": ""e-mail address"", ""value"": ""Contact""}}",Not specified,http://liquor.com/privacy-policy/
11004,test_category_labeling_highlight_fordham_dddd,118,3823,5,User Choice/Control,"{""Choice Type"": {""endIndexInSegment"": 206, ""startIndexInSegment"": 167, ""selectedText"": ""e-mail address by which you may request"", ""value"": ""Other""}, ""Choice Scope"": {""endIndexInSegment"": 56, ""startIndexInSegment"": 28, ""selectedText"": ""we ever send you information"", ""value"": ""First party use""}, ""User Type"": {""endIndexInSegment"": -1, ""startIndexInSegment"": -1, ""value"": ""Unspecified""}, ""Purpose"": {""endIndexInSegment"": 102, ""startIndexInSegment"": 60, ""selectedText"": ""e-mail concerning new products or services"", ""value"": ""Marketing""}, ""Personal Information Type"": {""endIndexInSegment"": 66, ""startIndexInSegment"": 60, ""selectedText"": ""e-mail"", ""value"": ""Contact""}}",Not specified,http://liquor.com/privacy-policy/
10235,test_category_labeling_highlight_fordham_aaaa,121,3823,6,Third Party Sharing/Collection,"{""Third Party Entity"": {""endIndexInSegment"": 129, ""startIndexInSegment"": 109, ""selectedText"": ""advertising partners"", ""value"": ""Named third party""}, ""Choice Scope"": {""endIndexInSegment"": -1, ""startIndexInSegment"": -1, ""value"": ""Unspecified""}, ""Purpose"": {""endIndexInSegment"": 308, ""startIndexInSegment"": 284, ""selectedText"": ""used to serve ads to you"", ""value"": ""Advertising""}, ""Personal Information Type"": {""endIndexInSegment"": 220, ""startIndexInSegment"": 131, ""selectedText"": ""Information about your visit to their site, such as number of times you have viewed an ad"", ""value"": ""User online activities""}, ""Choice Type"": {""endIndexInSegment"": -1, ""startIndexInSegment"": -1, ""value"": ""Unspecified""}, ""Identifiability"": {""endIndexInSegment"": 278, ""startIndexInSegment"": 226, ""selectedText"": ""not your name, address or other personal information"", ""value"": ""Unspecified""}, ""Does/Does Not"": {""endIndexInSegment"": -1, ""startIndexInSegment"": -1, ""value"": ""Does""}, ""User Type"": {""endIndexInSegment"": -1, ""startIndexInSegment"": -1, ""value"": ""Unspecified""}, ""Action Third Party"": {""endIndexInSegment"": 288, ""startIndexInSegment"": 281, ""selectedText"": ""is used"", ""value"": ""Unspecified""}}",Not specified,http://liquor.com/privacy-policy/
12749,test_category_labeling_highlight_fordham_cccc,117,3823,6,Third Party Sharing/Collection,"{""Third Party Entity"": {""endIndexInSegment"": 129, ""startIndexInSegment"": 109, ""selectedText"": ""advertising partners"", ""value"": ""Named third party""}, ""Choice Scope"": {""endIndexInSegment"": -1, ""startIndexInSegment"": -1, ""value"": ""not-selected""}, ""Purpose"": {""endIndexInSegment"": 309, ""startIndexInSegment"": 292, ""selectedText"": ""serve ads to you."", ""value"": ""Advertising""}, ""Personal Information Type"": {""endIndexInSegment"": 220, ""startIndexInSegment"": 175, ""selectedText"": ""such as number of times you have viewed an ad"", ""value"": ""User online activities""}, ""Choice Type"": {""endIndexInSegment"": -1, ""startIndexInSegment"": -1, ""value"": ""not-selected""}, ""Identifiability"": {""endIndexInSegment"": -1, ""startIndexInSegment"": -1, ""value"": ""not-selected""}, ""Does/Does Not"": {""endIndexInSegment"": -1, ""startIndexInSegment"": -1, ""value"": ""Does""}, ""User Type"": {""endIndexInSegment"": -1, ""startIndexInSegment"": -1, ""value"": ""not-selected""}, ""Action Third Party"": {""endIndexInSegment"": 288, ""startIndexInSegment"": 284, ""selectedText"": ""used"", ""value"": ""Track on first party website/app""}}",Not specified,http://liquor.com/privacy-policy/
11008,test_category_labeling_highlight_fordham_dddd,118,3823,6,Third Party Sharing/Collection,"{""Third Party Entity"": {""endIndexInSegment"": 129, ""startIndexInSegment"": 105, ""selectedText"": ""web advertising partners"", ""value"": ""Unnamed third party""}, ""Choice Scope"": {""endIndexInSegment"": -1, ""startIndexInSegment"": -1, ""value"": ""Unspecified""}, ""Purpose"": {""endIndexInSegment"": 308, ""startIndexInSegment"": 289, ""selectedText"": ""to serve ads to you"", ""value"": ""Advertising""}, ""Personal Information Type"": {""endIndexInSegment"": 220, ""startIndexInSegment"": 131, ""selectedText"": ""Information about your visit to their site, such as number of times you have viewed an ad"", ""value"": ""User online activities""}, ""Choice Type"": {""endIndexInSegment"": -1, ""startIndexInSegment"": -1, ""value"": ""Unspecified""}, ""Identifiability"": {""endIndexInSegment"": -1, ""startIndexInSegment"": -1, ""value"": ""Unspecified""}, ""Does/Does Not"": {""endIndexInSegment"": 283, ""startIndexInSegment"": 281, ""selectedText"": ""is"", ""value"": ""Does""}, ""User Type"": {""endIndexInSegment"": -1, ""startIndexInSegment"": -1, ""value"": ""Unspecified""}, ""Action Third Party"": {""endIndexInSegment"": 173, ""startIndexInSegment"": 131, ""selectedText"": ""Information about your visit to their site"", ""value"": ""Unspecified""}}",Not specified,http://liquor.com/privacy-policy/
C1631,test_category_labeling_highlight_fordham_aaaa,121,3823,7,First Party Collection/Use,"{""Collection Mode"": {""endIndexInSegment"": -1, ""startIndexInSegment"": -1, ""value"": ""not-selected""}, ""Choice Scope"": {""endIndexInSegment"": 572, ""startIndexInSegment"": 550, ""selectedText"": ""you to not accept them"", ""value"": ""Collection""}, ""Action First-Party"": {""endIndexInSegment"": 221, ""startIndexInSegment"": 202, ""selectedText"": ""Liquor.com does use"", ""value"": ""Unspecified""}, ""Personal Information Type"": {""endIndexInSegment"": 229, ""startIndexInSegment"": 202, ""selectedText"": ""Liquor.com does use cookies"", ""value"": ""Cookies and tracking elements""}, ""Choice Type"": {""endIndexInSegment"": 573, ""startIndexInSegment"": 495, ""selectedText"": ""your Web browser likely includes an option that allows you to not accept them."", ""value"": ""Browser/device privacy controls""}, ""Identifiability"": {""endIndexInSegment"": -1, ""startIndexInSegment"": -1, ""value"": ""not-selected""}, ""Does/Does Not"": {""endIndexInSegment"": -1, ""startIndexInSegment"": -1, ""value"": ""Does""}, ""User Type"": {""endIndexInSegment"": -1, ""startIndexInSegment"": -1, ""value"": ""not-selected""}, ""Purpose"": {""endIndexInSegment"": 337, ""startIndexInSegment"": 239, ""selectedText"": ""to allow us to quickly check your status as a subscriber and facilitate access to your preferences"", ""value"": ""Personalization/Customization""}}",Not specified,http://liquor.com/privacy-policy/
10237,test_category_labeling_highlight_fordham_aaaa,121,3823,7,Third Party Sharing/Collection,"{""Third Party Entity"": {""endIndexInSegment"": 362, ""startIndexInSegment"": 351, ""selectedText"": ""advertisers"", ""value"": ""Named third party""}, ""Choice Scope"": {""endIndexInSegment"": 573, ""startIndexInSegment"": 557, ""selectedText"": ""not accept them."", ""value"": ""Collection""}, ""Purpose"": {""endIndexInSegment"": 467, ""startIndexInSegment"": 455, ""selectedText"": ""advertisers."", ""value"": ""Advertising""}, ""Personal Information Type"": {""endIndexInSegment"": 384, ""startIndexInSegment"": 377, ""selectedText"": ""cookies"", ""value"": ""Cookies and tracking elements""}, ""Choice Type"": {""endIndexInSegment"": 573, ""startIndexInSegment"": 495, ""selectedText"": ""your Web browser likely includes an option that allows you to not accept them."", ""value"": ""Browser/device privacy controls""}, ""Identifiability"": {""endIndexInSegment"": -1, ""startIndexInSegment"": -1, ""value"": ""Unspecified""}, ""Does/Does Not"": {""endIndexInSegment"": -1, ""startIndexInSegment"": -1, ""value"": ""Does""}, ""User Type"": {""endIndexInSegment"": -1, ""startIndexInSegment"": -1, ""value"": ""not-selected""}, ""Action Third Party"": {""endIndexInSegment"": 392, ""startIndexInSegment"": 367, ""selectedText"": ""serve you cookies as well"", ""value"": ""Collect on first party website/app""}}",Not specified,http://liquor.com/privacy-policy/
11032,test_category_labeling_highlight_fordham_dddd,118,3823,7,First Party Collection/Use,"{""Collection Mode"": {""endIndexInSegment"": -1, ""startIndexInSegment"": -1, ""value"": ""Unspecified""}, ""Choice Scope"": {""endIndexInSegment"": 493, ""startIndexInSegment"": 468, ""selectedText"": ""If you don't want cookies"", ""value"": ""Collection""}, ""Action First-Party"": {""endIndexInSegment"": 212, ""startIndexInSegment"": 168, ""selectedText"": ""As with most other Web sites, the Liquor.com"", ""value"": ""Collect on website""}, ""Personal Information Type"": {""endIndexInSegment"": 229, ""startIndexInSegment"": 222, ""selectedText"": ""cookies"", ""value"": ""Cookies and tracking elements""}, ""Choice Type"": {""endIndexInSegment"": 573, ""startIndexInSegment"": 495, ""selectedText"": ""your Web browser likely includes an option that allows you to not accept them."", ""value"": ""Other""}, ""Identifiability"": {""endIndexInSegment"": -1, ""startIndexInSegment"": -1, ""value"": ""Unspecified""}, ""Does/Does Not"": {""endIndexInSegment"": 217, ""startIndexInSegment"": 213, ""selectedText"": ""does"", ""value"": ""Does""}, ""User Type"": {""endIndexInSegment"": 295, ""startIndexInSegment"": 285, ""selectedText"": ""subscriber"", ""value"": ""Other""}, ""Purpose"": {""endIndexInSegment"": 337, ""startIndexInSegment"": 251, ""selectedText"": ""to quickly check your status as a subscriber and facilitate access to your preferences"", ""value"": ""Additional service/feature""}}",Not specified,http://liquor.com/privacy-policy/
11038,test_category_labeling_highlight_fordham_dddd,118,3823,7,Third Party Sharing/Collection,"{""Third Party Entity"": {""endIndexInSegment"": 362, ""startIndexInSegment"": 339, ""selectedText"": ""Some of our advertisers"", ""value"": ""Unnamed third party""}, ""Choice Scope"": {""endIndexInSegment"": 493, ""startIndexInSegment"": 468, ""selectedText"": ""If you don't want cookies"", ""value"": ""Collection""}, ""Purpose"": {""endIndexInSegment"": 466, ""startIndexInSegment"": 409, ""selectedText"": ""we do not have control over cookies placed by advertisers"", ""value"": ""Unspecified""}, ""Personal Information Type"": {""endIndexInSegment"": 384, ""startIndexInSegment"": 377, ""selectedText"": ""cookies"", ""value"": ""Cookies and tracking elements""}, ""Choice Type"": {""endIndexInSegment"": 537, ""startIndexInSegment"": 495, ""selectedText"": ""your Web browser likely includes an option"", ""value"": ""Other""}, ""Identifiability"": {""endIndexInSegment"": -1, ""startIndexInSegment"": -1, ""value"": ""Unspecified""}, ""Does/Does Not"": {""endIndexInSegment"": -1, ""startIndexInSegment"": -1, ""value"": ""Does""}, ""User Type"": {""endIndexInSegment"": 295, ""startIndexInSegment"": 285, ""selectedText"": ""subscriber"", ""value"": ""Other""}, ""Action Third Party"": {""endIndexInSegment"": 384, ""startIndexInSegment"": 363, ""selectedText"": ""may serve you cookies"", ""value"": ""Unspecified""}}",Not specified,http://liquor.com/privacy-policy/
11039,test_category_labeling_highlight_fordham_dddd,118,3823,7,Other,"{""Other Type"": {""endIndexInSegment"": 467, ""startIndexInSegment"": 409, ""selectedText"": ""we do not have control over cookies placed by advertisers."", ""value"": ""Practice not covered""}}",Not specified,http://liquor.com/privacy-policy/
10238,test_category_labeling_highlight_fordham_aaaa,121,3823,8,First Party Collection/Use,"{""Collection Mode"": {""endIndexInSegment"": 247, ""startIndexInSegment"": 228, ""selectedText"": ""use your IP address"", ""value"": ""Implicit""}, ""Choice Scope"": {""endIndexInSegment"": -1, ""startIndexInSegment"": -1, ""value"": ""not-selected""}, ""Action First-Party"": {""endIndexInSegment"": 231, ""startIndexInSegment"": 228, ""selectedText"": ""use"", ""value"": ""Unspecified""}, ""Personal Information Type"": {""endIndexInSegment"": 247, ""startIndexInSegment"": 237, ""selectedText"": ""IP address"", ""value"": ""IP address and device IDs""}, ""Choice Type"": {""endIndexInSegment"": -1, ""startIndexInSegment"": -1, ""value"": ""not-selected""}, ""Identifiability"": {""endIndexInSegment"": -1, ""startIndexInSegment"": -1, ""value"": ""not-selected""}, ""Does/Does Not"": {""endIndexInSegment"": -1, ""startIndexInSegment"": -1, ""value"": ""Does""}, ""User Type"": {""endIndexInSegment"": -1, ""startIndexInSegment"": -1, ""value"": ""not-selected""}, ""Purpose"": {""endIndexInSegment"": 327, ""startIndexInSegment"": 249, ""selectedText"": ""o help diagnose problems with our server, gather broad demographic information"", ""value"": ""Analytics/Research""}}",Not specified,http://liquor.com/privacy-policy/
10239,test_category_labeling_highlight_fordham_aaaa,121,3823,8,First Party Collection/Use,"{""Collection Mode"": {""endIndexInSegment"": 247, ""startIndexInSegment"": 228, ""selectedText"": ""use your IP address"", ""value"": ""Implicit""}, ""Choice Scope"": {""endIndexInSegment"": -1, ""startIndexInSegment"": -1, ""value"": ""not-selected""}, ""Action First-Party"": {""endIndexInSegment"": 231, ""startIndexInSegment"": 228, ""selectedText"": ""use"", ""value"": ""Unspecified""}, ""Personal Information Type"": {""endIndexInSegment"": 247, ""startIndexInSegment"": 237, ""selectedText"": ""IP address"", ""value"": ""IP address and device IDs""}, ""Choice Type"": {""endIndexInSegment"": -1, ""startIndexInSegment"": -1, ""value"": ""not-selected""}, ""Identifiability"": {""endIndexInSegment"": -1, ""startIndexInSegment"": -1, ""value"": ""not-selected""}, ""Does/Does Not"": {""endIndexInSegment"": -1, ""startIndexInSegment"": -1, ""value"": ""Does""}, ""User Type"": {""endIndexInSegment"": -1, ""startIndexInSegment"": -1, ""value"": ""not-selected""}, ""Purpose"": {""endIndexInSegment"": 354, ""startIndexInSegment"": 332, ""selectedText"": ""administer our Website"", ""value"": ""Service Operation and Security""}}",Not specified,http://liquor.com/privacy-policy/
12751,test_category_labeling_highlight_fordham_cccc,117,3823,8,First Party Collection/Use,"{""Collection Mode"": {""endIndexInSegment"": -1, ""startIndexInSegment"": -1, ""value"": ""not-selected""}, ""Choice Scope"": {""endIndexInSegment"": -1, ""startIndexInSegment"": -1, ""value"": ""not-selected""}, ""Action First-Party"": {""endIndexInSegment"": 231, ""startIndexInSegment"": 201, ""selectedText"": ""We may, from time to time, use"", ""value"": ""Collect on website""}, ""Personal Information Type"": {""endIndexInSegment"": 58, ""startIndexInSegment"": 21, ""selectedText"": ""Your Internet Protocol (\""IP\"") address"", ""value"": ""IP address and device IDs""}, ""Choice Type"": {""endIndexInSegment"": -1, ""startIndexInSegment"": -1, ""value"": ""not-selected""}, ""Identifiability"": {""endIndexInSegment"": -1, ""startIndexInSegment"": -1, ""value"": ""not-selected""}, ""Does/Does Not"": {""endIndexInSegment"": -1, ""startIndexInSegment"": -1, ""value"": ""Does""}, ""User Type"": {""endIndexInSegment"": -1, ""startIndexInSegment"": -1, ""value"": ""not-selected""}, ""Purpose"": {""endIndexInSegment"": 354, ""startIndexInSegment"": 256, ""selectedText"": ""diagnose problems with our server, gather broad demographic information and administer our Website"", ""value"": ""Service Operation and Security""}}",Not specified,http://liquor.com/privacy-policy/
11046,test_category_labeling_highlight_fordham_dddd,118,3823,8,First Party Collection/Use,"{""Collection Mode"": {""endIndexInSegment"": -1, ""startIndexInSegment"": -1, ""value"": ""not-selected""}, ""Choice Scope"": {""endIndexInSegment"": -1, ""startIndexInSegment"": -1, ""value"": ""Unspecified""}, ""Action First-Party"": {""endIndexInSegment"": 231, ""startIndexInSegment"": 201, ""selectedText"": ""We may, from time to time, use"", ""value"": ""Unspecified""}, ""Personal Information Type"": {""endIndexInSegment"": 247, ""startIndexInSegment"": 237, ""selectedText"": ""IP address"", ""value"": ""IP address and device IDs""}, ""Choice Type"": {""endIndexInSegment"": -1, ""startIndexInSegment"": -1, ""value"": ""Unspecified""}, ""Identifiability"": {""endIndexInSegment"": -1, ""startIndexInSegment"": -1, ""value"": ""Unspecified""}, ""Does/Does Not"": {""endIndexInSegment"": -1, ""startIndexInSegment"": -1, ""value"": ""Does""}, ""User Type"": {""endIndexInSegment"": -1, ""startIndexInSegment"": -1, ""value"": ""Unspecified""}, ""Purpose"": {""endIndexInSegment"": 289, ""startIndexInSegment"": 248, ""selectedText"": ""to help diagnose problems with our server"", ""value"": ""Service Operation and Security""}}",Not specified,http://liquor.com/privacy-policy/
11048,test_category_labeling_highlight_fordham_dddd,118,3823,8,First Party Collection/Use,"{""Collection Mode"": {""endIndexInSegment"": -1, ""startIndexInSegment"": -1, ""value"": ""not-selected""}, ""Choice Scope"": {""endIndexInSegment"": -1, ""startIndexInSegment"": -1, ""value"": ""Unspecified""}, ""Action First-Party"": {""endIndexInSegment"": 231, ""startIndexInSegment"": 201, ""selectedText"": ""We may, from time to time, use"", ""value"": ""Unspecified""}, ""Personal Information Type"": {""endIndexInSegment"": 327, ""startIndexInSegment"": 291, ""selectedText"": ""gather broad demographic information"", ""value"": ""Demographic""}, ""Choice Type"": {""endIndexInSegment"": -1, ""startIndexInSegment"": -1, ""value"": ""Unspecified""}, ""Identifiability"": {""endIndexInSegment"": 303, ""startIndexInSegment"": 298, ""selectedText"": ""broad"", ""value"": ""Unspecified""}, ""Does/Does Not"": {""endIndexInSegment"": -1, ""startIndexInSegment"": -1, ""value"": ""Does""}, ""User Type"": {""endIndexInSegment"": -1, ""startIndexInSegment"": -1, ""value"": ""Unspecified""}, ""Purpose"": {""endIndexInSegment"": 289, ""startIndexInSegment"": 248, ""selectedText"": ""to help diagnose problems with our server"", ""value"": ""Service Operation and Security""}}",Not specified,http://liquor.com/privacy-policy/
C1632,test_category_labeling_highlight_fordham_aaaa,121,3823,9,International and Specific Audiences,"{""Audience Type"": {""endIndexInSegment"": 414, ""startIndexInSegment"": 0, ""selectedText"": ""PARENTAL DISCRETION Liquor.com is not intended for use by children, especially those under age 13. No one under age 13 is allowed to use the site, provide any personal information or receive our email distributions. Minors between the ages of 13 and 17 must get the permission of their parent(s)or legal guardian(s) before viewing the website. No one under the age of 21 is allowed to receive our emails."", ""value"": ""Children""}}",Not specified,http://liquor.com/privacy-policy/
11053,test_category_labeling_highlight_fordham_dddd,118,3823,9,International and Specific Audiences,"{""Audience Type"": {""endIndexInSegment"": 414, ""startIndexInSegment"": 354, ""selectedText"": ""No one under the age of 21 is allowed to receive our emails."", ""value"": ""Other""}}",Not specified,http://liquor.com/privacy-policy/
10241,test_category_labeling_highlight_fordham_aaaa,121,3823,10,Other,"{""Other Type"": {""endIndexInSegment"": 343, ""startIndexInSegment"": 0, ""selectedText"": ""LINKS TO OTHER SITES As part of the service, Liquor.com may create links allowing you to access third party sites. Liquor.com is not responsible for the content that appears on those sites and does not endorse these sites. Please consult those sites' individual privacy policies in order to determine how they treat user information."", ""value"": ""Practice not covered""}}",Not specified,http://liquor.com/privacy-policy/
12753,test_category_labeling_highlight_fordham_cccc,117,3823,10,Third Party Sharing/Collection,"{""Third Party Entity"": {""endIndexInSegment"": 123, ""startIndexInSegment"": 99, ""selectedText"": ""access third party sites"", ""value"": ""Unnamed third party""}, ""Choice Scope"": {""endIndexInSegment"": -1, ""startIndexInSegment"": -1, ""value"": ""not-selected""}, ""Purpose"": {""endIndexInSegment"": -1, ""startIndexInSegment"": -1, ""value"": ""Unspecified""}, ""Personal Information Type"": {""endIndexInSegment"": -1, ""startIndexInSegment"": -1, ""value"": ""Unspecified""}, ""Choice Type"": {""endIndexInSegment"": -1, ""startIndexInSegment"": -1, ""value"": ""not-selected""}, ""Identifiability"": {""endIndexInSegment"": -1, ""startIndexInSegment"": -1, ""value"": ""not-selected""}, ""Does/Does Not"": {""endIndexInSegment"": -1, ""startIndexInSegment"": -1, ""value"": ""Does""}, ""User Type"": {""endIndexInSegment"": -1, ""startIndexInSegment"": -1, ""value"": ""not-selected""}, ""Action Third Party"": {""endIndexInSegment"": -1, ""startIndexInSegment"": -1, ""value"": ""Unspecified""}}",Not specified,http://liquor.com/privacy-policy/
11057,test_category_labeling_highlight_fordham_dddd,118,3823,10,Other,"{""Other Type"": {""endIndexInSegment"": 288, ""startIndexInSegment"": 55, ""selectedText"": ""Liquor.com may create links allowing you to access third party sites. Liquor.com is not responsible for the content that appears on those sites and does not endorse these sites. Please consult those sites' individual privacy policies"", ""value"": ""Other""}}",Not specified,http://liquor.com/privacy-policy/
10242,test_category_labeling_highlight_fordham_aaaa,121,3823,11,Data Security,"{""Security Measure"": {""endIndexInSegment"": 91, ""startIndexInSegment"": 64, ""selectedText"": ""restricted database servers"", ""value"": ""Secure data storage""}}",Not specified,http://liquor.com/privacy-policy/
12754,test_category_labeling_highlight_fordham_cccc,117,3823,11,Data Security,"{""Security Measure"": {""endIndexInSegment"": 91, ""startIndexInSegment"": 19, ""selectedText"": ""All information described above is stored on restricted database servers"", ""value"": ""Generic""}}",Not specified,http://liquor.com/privacy-policy/
11063,test_category_labeling_highlight_fordham_dddd,118,3823,11,Data Security,"{""Security Measure"": {""endIndexInSegment"": 91, ""startIndexInSegment"": 54, ""selectedText"": ""stored on restricted database servers"", ""value"": ""Secure data storage""}}",Not specified,http://liquor.com/privacy-policy/
C1633,test_category_labeling_highlight_fordham_aaaa,121,3823,12,Policy Change,"{""Change Type"": {""endIndexInSegment"": 89, ""startIndexInSegment"": 71, ""selectedText"": ""change this policy"", ""value"": ""Unspecified""}, ""User Choice"": {""endIndexInSegment"": 428, ""startIndexInSegment"": 298, ""selectedText"": ""Please note that continued access of Liquor.com will constitute your acceptance of any changes or revisions to the Privacy Policy."", ""value"": ""Other""}, ""Notification Type"": {""endIndexInSegment"": 167, ""startIndexInSegment"": 138, ""selectedText"": ""posted to this Privacy Policy"", ""value"": ""General notice in privacy policy""}}",Not specified,http://liquor.com/privacy-policy/
12756,test_category_labeling_highlight_fordham_cccc,117,3823,12,Other,"{""Other Type"": {""endIndexInSegment"": 717, ""startIndexInSegment"": 439, ""selectedText"": ""Thank you for taking the time and interest to review our policies at Liquor.com. If you have concerns or questions about any aspect of the Liquor.com Privacy Policy, please contact us. We welcome your questions and feedback. Please send all emails to: info@liquor.com."", ""value"": ""Privacy contact information""}}",Not specified,http://liquor.com/privacy-policy/
11069,test_category_labeling_highlight_fordham_dddd,118,3823,12,Other,"{""Other Type"": {""endIndexInSegment"": 717, ""startIndexInSegment"": 520, ""selectedText"": ""If you have concerns or questions about any aspect of the Liquor.com Privacy Policy, please contact us. We welcome your questions and feedback. Please send all emails to: info@liquor.com."", ""value"": ""Privacy contact information""}}",Not specified,http://liquor.com/privacy-policy/
